순서,기업명(한국어),기업명(일본어),국가,업종,장르,MA접근,딜형태,분류,시총_억엔,매출_억엔,이익률(%),직원수,대표이사,자체IP,주요타이틀,기업특징,장점,단점리스크,주주구조,MA판단근거,소스,수정메모
1.0,라인야후,LINEヤフー,일본,판매원,비서브,N,,,28600.0,20363.0,24.6,10400.0,出澤剛,N,LINE、Yahoo! JAPAN、PayPay、Yahoo!ショッピング,日本最大のインターネット企業。LINE・Yahoo! JAPANを核に検索・EC・金融・通信サービスを展開。2026年3月期売上過去最高2兆363億円。,国内9700万MAUのLINEと検索首位Yahoo!を持つ圧倒的ユーザー基盤,2023年大規模個人情報漏洩（約52万件）によるNAVERとのシステム分離義務。ガバナンス問題継続,SoftBank（議決権約50%）、NAVER（約34%）が支配株主,시총 2.7조엔 초대형 플랫폼사로 게임 M&A 대상으로는 비현실적. 퍼블리싱 PF 활용 관점에서만 검토 가능.,orig,[2025-2026 업데이트] 2026年4月にNAVERとのシステム分離を完全完了。2026年3月期純利益は前期比26%増の1936億円と3期ぶりに過去最高益更新。
2.0,반다이남코엔터테인먼트,バンダイナムコエンタ,일본,개발/운영,서브,N,,,24801.0,13480.0,14.1,11345.0,浅古有寿,Y,ELDEN RING、ELDEN RING NIGHTREIGN（2025年）、鉄拳8、ドラゴンボールSZ（540万本）、Gakuen Idolmaster,バンダイナムコホールディングス傘下のゲーム事業会社。ELDEN RING・鉄拳・ドラゴンボール等のIPを保有。2025年3月期にゲーム事業利益が前期比995%増と急拡大。,FromSoftwareとの協業によるElden RingのグローバルIP化。バンダイとの玩具・アニメ連携によるIP相乗効果,大型タイトルへの依存度高く、ヒット不在期の業績ブレが大きい,バンダイナムコホールディングス（7832）の100%子会社,반다이남코HD 100% 완전자회사이자 그룹 IP 사업의 핵심. 단독 매수 불가 구조. IP 콜라보·퍼블리싱 협업 파트너로만 접근 가능.,orig,"[2025-2026 업데이트] 2025年3月期にELDEN RING DLC等でゲーム事業利益が前期比995%増。グループ売上1兆2415億円・営業益1802億円と過去最高更新。
[정정] 매출 12,415→13,480억엔(+8.6%), 이익률 14.5→14.1%로 갱신(as-of FY 기준)."
3.0,스퀘어에닉스,スクウェア・エニックス,일본,개발/운영,비서브,N,,,9557.0,2977.0,18.4,4604.0,桐生隆司,Y,FF7リバース（マルチプラットフォーム化）、FF16、ドラゴンクエスト（HD-2Dリメイク）,FF・ドラクエを核とする大型RPGIPを保有する老舗ゲーム企業。2024年に複数HDゲーム失敗と220億円の開発費廃棄損を計上。桐生社長のもと「量から質」戦略を遂行中。,FF・DQという世界的IPの競争優位。RPGジャンルでの30年以上にわたるブランド力,複数の高額HDゲームがアンダーパフォーム。プラットフォーム独占戦略の失敗から回復途上,スクウェア・エニックスHD（9684）が上場持株会社,"시총 9,722억엔, 창업자 후쿠시마 19.65% 지분으로 독립경영 의지 강. IP 라이센스·공동개발 협업은 가능.",orig,"[2025-2026 업데이트] 2025年3月期純利益前期比87.8%増と回復。マルチプラットフォーム転換・少数精鋭集中投資戦略を推進。Switch2版FF7リメイク等を準備中。
[정정] FY2026 매출 2,977억엔, 이익률 18.4%로 갱신(구조조정 영향 포함)."
4.0,세가,セガ,일본,개발/운영,비서브,X,,,4800.0,4289.0,11.2,8623.0,里見治紀,Y,Like a Dragon: Infinite Wealth、メタファー:リファンタジオ、ソニック×シャドウ ジェネレーションズ、ペルソナ5X,セガサミーホールディングス傘下のゲーム事業。龍が如く・メタファー・ソニック・ペルソナ等の多彩なIPを保有。2025年3月期経常益374%増の352億円と大幅改善。,龍が如くスタジオ・アトラスの個性的IP群とグローバルファン基盤。ソニックIPのゲーム・映画クロスメディア展開,パチンコ等アミューズメント事業（親会社）の不確実性。ゲーム専業でない持株会社構造,セガサミーホールディングス（6460）の子会社。里見一族が親会社の支配株主,세가사미홀딩스 100% 완전자회사로 파친코·파치슬로 사업과 일체화. 게임단독 분리매수 불가. 또한 넥슨과 경쟁 장르에서 이해충돌 발생 우려.,orig,"[2025-2026 업데이트] 2025年3月期はメタファー・龍が如く8外伝・ソニックが好調で経常益374%増を達成。ペルソナ5X（スマホ）の国内展開を2025年夏予定。
[정정] FY2026 손상(주요: Stakelogic 관련) 및 순손실 전환 이슈 반영 필요. 과거 '경상이익 374% 증가' 같은 구시점 문구는 제거/갱신 권장. (as-of FY2026 기준으로 재작성)"
5.0,토호게임즈,TOHO Games,일본,판매원,비서브,N,,,14200.0,3130.0,20.7,,마츠오카 히로야스,Y,呪術廻戦 ファントムパレード（累計400万DL超）,東宝株式会社（9602）の100%子会社。呪術廻戦・進撃の巨人等の東宝IPを活用したスマホゲームを開発・運営。,東宝グループが保有する強力アニメIP（呪術廻戦等）を活用したゲーム開発。安定したグループ資本基盤,非上場子会社のため単体財務情報非公開。スマホゲーム市場の競争激化,東宝株式会社（9602）が100%親会社,도호 주식회사 게임 사업부문으로 시총 1.4조엔 종합 엔터 기업. 게임 단독 매수 불가. 일본 영화·IP 콜라보 파트너십 관점에서 검토.,orig,[2025-2026 업데이트] 呪術廻戦 ファントムパレードが累計400万DL突破。親会社東宝は2025年2月期に過去最高水準の経常利益を達成。
6.0,코나미디지털엔터테인먼트,コナミデジタルエンタ,일본,개발/운영,비서브,N,,,25010.0,4937.0,25.9,9039.0,東尾公彦,Y,eFootball（累計10億DL）、プロ野球スピリッツ、遊戯王OCG/MD、メタルギアソリッドΔ、桃太郎電鉄2,コナミグループのゲーム事業中核。eFootball・プロスピ・遊戯王・メタルギア等のIPを保有。2025年3月期売上4216億円と3期連続で過去最高を更新。,eFootball累計10億DL超、プロスピ等モバイル主力タイトルの安定課金収益。デジタル×リアル融合IP戦略,大型コンソール新作の不足。MGSΔなど大型タイトル発売遅延リスク,コナミグループが100%所有。コナミグループの筆頭株主は東尾一族,코나미그룹 100% 완전자회사 + 창업자계 27%. 자체 수익성(영업이익률 32%) 높아 매각 인센티브 없음. IP 협업 파트너십만 현실적.,orig,"[2025-2026 업데이트] 2026年3月期Q3も売上・営業利益が前年比+13~17%増で過去最高連続更新。メタルギアソリッドΔは累計200万本突破。
[정정] 매출 4,216→4,937억엔(+17%)로 갱신(as-of FY 기준)."
7.0,카도카와,KADOKAWA,일본,판매원,서브,X,,,4700.0,2829.0,2.9,6967.0,나쓰노 타케시(夏野剛) ※2026년 6월 24일 주총에서 Oasis의 해임 제안 계류 중,Y,"ELDEN RING(FromSoftware, 2022), ELDEN RING NIGHTREIGN(2025.5, 500만장), ELDEN RING DLC Forsaken Hollows(2025.12), 니코니코 동화(Dwango), KADOKAWAライトノベル·아니메 IP군","출판·영상·게임·애니·교육 종합 콘텐츠 기업. FY2026(2026년3월기) 매출 2829억엔(+1.8%), 영업이익 81억엔(-51.3%), 순이익 12.8억엔(-82.7%)으로 대폭 악화. 2024년 6월 랜섬웨어 피해(니코니코 서비스 2개월 정지). 2025년 1월 소니 500억엔 투자(10%). 2026년 3월 홍콩계 행동주의 펀드 Oasis Management가 13.76% 취득해 최대주주 등극.",ELDEN RING(FromSoftware) 등 세계적 IP 보유. 소니와의 자본업무제휴로 글로벌 애니·게임 배급망 확보. 라이트노벨·웹소설 원천 IP에서 게임·애니·영화로 수직통합하는 크로스미디어 모델,"FY2026 순이익 -82.7% 대폭 악화. Oasis Management CEO 해임 제안으로 경영 불안정(2026년 6월 주총 결과 주목). 출판 세그먼트 이세계 장르 의존, 애니메이션 세그먼트 적자 전환. 2024년 랜섬웨어 피해 후유증 지속","Oasis Management(홍콩 행동주의 펀드) 13.76%(최대주주, 2026.3 취득), 소니그룹 약 10%(2025.1 취득), 각도카와 일족","시총 4,458억엔으로 매수 규모 극히 큼. 소니·반남이 전략 주주로 참여해 독립 매수 구조적으로 어려움. IP 파트너십(콜라보·퍼블리싱)은 상호 유리.",orig,"[2025-2026 최신 업데이트] ① ELDEN RING NIGHTREIGN 2025년 5월 출시→5일 350만장·7월 500만장 달성. ② 소니 10% 투자(2025.1) 후 Oasis Management 13.76% 취득으로 최대주주 교체(2026.3). ③ Oasis, 나쓰노 CEO 해임 주총 제안(2026.5). 이사회는 반대 의견. 2026.6.24 주총 예정. ④ FY2026 영업이익 51.3% 급감, 순이익 82.7% 감소. ⑤ 니코니코 2024.8.5 복구 완료(기능 일부 영구 삭제). ⑥ FY2027 목표: 매출 3003억엔, 영업이익 101억엔."
8.0,캡콤,カプコン,일본,개발/판매,비서브,N,,,18660.0,1954.0,38.5,3766.0,辻本春弘,Y,Monster Hunter Wilds（2025年2月・1ヶ月1000万本突破）、ドラゴンズドグマ2（400万本超）、ストリートファイター6,モンスターハンター・バイオハザード・ストリートファイター等のグローバルIPを保有。8期連続営業増益達成。2025年3月期に全利益項目が過去最高。,「1タイトル数千万本」を実現するグローバルIPの圧倒的な強さ。デジタル販売移行による利益率の継続的改善,主力IPへの依存集中。ヒット作の発売サイクルによる業績変動リスク,辻本憲三・春弘ファミリーが安定保有。外国人機関投資家比率高い,"시총 2조엔 초과, 영업이익률 38%의 초우량사로 매각 인센티브 제로. IP 콜라보 협업만 현실적.",orig,[2025-2026 업데이트] Monster Hunter Wilds（2025年2月発売）は発売3日で800万本・1ヶ月で1000万本を達成しカプコン史上最速記録。2025年3月期は8期連続で全利益項目が過去最高。
9.0,디엔에이,DeNA,일본,개발/운영,비서브,N,,,3670.0,1640.0,17.7,2100.0,岡村信悟,N,ポケモンTCGポケット（ポケポケ、累計1億DL超）、グランブルーファンタジー、プロ野球バーサス,ポケモンTCGポケット（ポケポケ）の大ヒットにより2025年3月期に大幅黒字転換。スポーツ（横浜DeNAベイスターズ）・ライブ配信事業も展開するモバイルゲーム企業。,ポケポケの1億DL・MAU5100万人という大ヒット。ポケモンとの強固なパートナーシップ,ポケポケ反動減による2026年3月期の大幅減益（営業益35.5%減）。次なるヒットタイトルへの依存問題,南場智子（代表取締役会長）が主要株主。機関投資家多数,창업자 남바 토모코 17.78% + 닌텐도 대주주로 안정 지분 구조. 게임 외 헬스케어·스포츠 사업 포함으로 부대사업 과다. 재무 미검토(N).,orig,[2025-2026 업데이트] 2024年10月リリースのポケポケが累計1億DL・ゲーム事業利益1016%増を実現し2025年3月期を大幅黒字転換。ポケポケ新シリーズを2025年秋より開始予定。
10.0,믹시,MIXI,일본,개발/운영,비서브,X,,,1650.0,1548.0,12.9,,木村弘毅,Y,モンスターストライク（世界6500万ユーザー）、STRIKE WORLD（インド向けグローバル版、2026年4月開始）,モンスターストライクを主力とするゲーム・スポーツ複合企業。スポーツ事業（FC東京株主等）・家族アルバムみてねも展開。2025年3月期営業益38%増の266億円と大幅増益。,モンスト（世界累計6500万ユーザー）の根強いユーザー基盤と安定課金収益。スポーツ・ライフスタイル事業との多角化,モンスト依存（売上の約7割）からの脱却が課題。国内スマホゲーム市場の縮小トレンド,木村弘毅社長が主要株主。機関投資家多数,창업자 카사하라 씨 단독 약 50% 지분 보유. SNS 기원의 독자 기업문화로 넥슨 온라인게임 문화와 통합 어려움. 몬스트 자산가치와 다각화 사업으로 매각 인센티브 전혀 없음.,orig,"[2025-2026 업데이트] 2025年3月期営業益38%増の266億円。2026年4月にインド向けグローバル版「STRIKE WORLD」を本格展開開始。モンスト累計6500万ユーザーを突破。
[정정] 시총 2,211→약 1,650억엔(-25%), 이익률 17.2→12.9%로 갱신(as-of FY/기준일 필요)."
11.0,애니플렉스,アニプレックス,일본,판매원,서브,X,,,,1200.0,15.4,800.0,니시모토 슈,Y,"Fate/Grand Order, 귀멸의 칼날 관련, Blue Protocol(서비스 종료 2024), Heaven Burns Red","소니뮤직엔터테인먼트재팬 100% 자회사. 애니메이션 기획·제작·배급 및 모바일 게임 퍼블리싱 중심. A-1 Pictures, CloverWorks 등 보유.","귀멸의 칼날·페이트 등 초강력 IP, 소니 그룹 글로벌 유통망, 애니메이션-게임 시너지","FGO 수익 성숙화, 비상장으로 외부 자금 조달 제약, 히트작 의존 구조",소니 뮤직 엔터테인먼트 재팬 100%,소니뮤직엔터 100% 완전자회사이자 소니그룹 엔터 전략의 핵심 자산. FGO라는 장기 히트로 매각 인센티브 전혀 없음. IP 콜라보·퍼블리싱 협업 파트너로서 접근.,orig,"[2025-2026 업데이트] 이와카미 아츠히로 사장 소니뮤직 CEO로 승진, 니시모토 슈 신사장 취임(2026년 4월). 2025년 3월 Crunchyroll과 합작사 Hayate Inc. 설립."
12.0,사이게임즈,Cygames,일본,개발/운영,서브,X,,,,1400.0,24.1,3600.0,와타나베 코이치,Y,"그랜블루판타지, 우마무스메 프리티더비, 그란블루판타지 리링크(2024), Gakuen Idolmaster(2024), Shadow Verse: Worlds Beyond",사이버에이전트 약 69% 출자 비상장 자회사. 그랜블루판타지·우마무스메 등 초히트 IP 보유. 그란블루판타지 리링크·가쿠엔 아이마스로 2024년 실적 대폭 개선.,"초강력 IP 멀티라인업, 고품질 콘솔/모바일 이중 전략","비상장으로 투명성 한계, 콘솔 투자 비용 증가, 경쟁 심화","CyberAgent 약 69%, DeNA 약 24%, Nintendo 약 5%","사이버에이전트 그룹의 매출 1,375억엔 핵심 수익원. 그룹 전체 실적의 40%이상 기여. 매각 가능성 제로. 단, 퍼블리싱 협업 시 넥슨 타이틀 품질 기준 충족 필수.",orig,[2025-2026 업데이트] 2024년 2월 그란블루판타지 리링크 콘솔 출시로 전 세계 호평. Gakuen Idolmaster 히트로 CyberAgent 게임부문 영업이익 34.6% 증가.
13.0,건호온라인엔터테인먼트,ガンホー,일본,개발/운영,비서브,T,소수지분,,1594.0,932.0,5.4,,坂井一也,Y,パズル＆ドラゴンズ（パズドラ）、Ragnarok Origin、Ragnarokシリーズ（Gravity子会社）,パズドラで一世を風靡した老舗スマホゲーム会社。アクティビスト圧力を受け2026年2月に社長交代。坂井新社長のもとグローバル展開・コンソール・PCへの事業転換を宣言。,パズドラの長期安定IPと根強いユーザー基盤。Gravity社（ラグナロク）を通じた海外収益（売上の54%が海外）,3期連続の大幅減益（2025年12月期純利益87%減）。スマホゲーム市場縮小とパズドラ売上低迷,ソフトバンクグループが大株主。アクティビストのストラテジックキャピタルが株主提案,손씨 실효 22% 오너구조이나 주주제안 분쟁 중 경영 불안정. 단독 성장 한계 인식 시 협상 가능성 있음. 넥슨과 문화적 친화성 높아 통합 PMI 비용 상대적으로 낮음.,orig,[2025-2026 업데이트] 2026年2月に森下一喜社長が会長に退き、坂井一也CFOが社長CEOに就任。スマホからコンソール・PCへのグローバル展開に戦略転換宣言。
14.0,코에이테크모게임즈,コーエーテクモゲームス,일본,개발/운영,서브,N,,,6092.0,884.0,44.0,2531.0,鯉沼久史,Y,無双ORIGINS（100万本）、Wo Long: Fallen Dynasty、ユミア（最速30万本）、仁王シリーズ,無双・三国志・信長の野望等の歴史シミュレーション・アクションIPを保有。2025年3月期売上728億円。金融資産運用収益が本業利益を大幅に上回る独特の収益構造。,高利益率の運営維持と金融資産運用での安定キャッシュ創出。歴史IPの根強い海外ファン層,ゲーム売上は横ばい・微減傾向。新規IPや若年層への訴求力に課題。金融収益依存リスク,襟川恵子（会長）・陽一（社長）一族が筆頭株主として経営支配,코에테크모HD 100% 완전자회사. 창업자 일족이 56.74% 지배. 영업이익률 40%의 초우량사로 매각 인센티브 없음. IP 협업 파트너십 검토 가능.,orig,"[2025-2026 업데이트] 2025年3月期に『無双ORIGINS』が100万本・新作RPG『ユミア』が最速30万本を突破。営業利益5.7%増の270億円。
[정정] mk 6,092억엔(+23%), 매출 884억엔(+21%), 이익률 44%(as-of FY 기준). CEO 鯉沼久史 2025-04-01 취임 사실을 명확히 표기."
15.0,엑스노아 (DMM),EXNOA (DMM),일본,PF운영,서브,N,,,,724.0,,,토죠 히로시,N,"함대 컬렉션(칸코레), 도검란무, 그라나도에스파다, 블루아카이브(배급)",DMM.com 자회사(합동회사). DMM GAMES 플랫폼으로 PC·스마트폰 게임 배급·운영. 등록 유저 4500만 이상의 DMM 그룹 산하.,"DMM 플랫폼의 대규모 유저 기반, PC 브라우저 게임 강점, 자체 개발+외부 퍼블리싱 병행","성인 콘텐츠 이미지로 글로벌 전개 제약, 모바일 점유율 열세",DMM.com 100%,DMM.com 100% 합동회사 자회사. 성인콘텐츠 관련 레퓨테이션 리스크가 넥슨 브랜드와 상충. 배신 PF 활용 관점에서는 검토 가능.,orig,[2025-2026 업데이트] 2025년 10월 토죠 히로시 신 CEO 취임. PC 및 스마트폰 멀티 디바이스 전략과 해외 전개 강화 방침 지속.
16.0,부시로드,ブシロード,일본,개발/운영,서브,X,,,346.0,562.0,8.7,853.0,木谷高明,Y,BanG Dream! (バンドリ！)、Ave Mujica（TVアニメ）、カードファイト!! ヴァンガード、新日本プロレス,バンドリ！・ヴァンガード等の自社IPと新日本プロレスを保有するカードゲーム・アニメ・スポーツ複合企業。Ave Mujica・MyGO!!!!!のアニメ大ヒットが2025年6月期業績を牽引。,バンドリ！IPの海外（特に中華圏）での爆発的人気。TCGとライブ・アニメを連携させた独自のIPエコシステム,バンドリ！依存が依然高く次の柱となるIP創出が課題。TCG市場の競争激化,木谷高明（創業者・代表取締役社長）が筆頭株主,창업자 키타니 씨의 강한 독립경영 의지 + 프로레슬링·음악·TCG 독자 비즈니스모델 확립. 타사 M&A에 들어갈 인센티브 없음. 러브라이브! 등 IP 콜라보는 협의 가능.,orig,"[2025-2026 업데이트] 2025年6月期売上562億円・営業益48億円（前期比452%増）と大幅V字回復。Ave MujicaとMyGO!!!!!の合同ライブに2日間で3.8万人動員。
[정정] 시총 277→346억엔(+25%)로 갱신(기준일 필요)."
17.0,굿스마일컴퍼니,グッドスマイルカンパニー,일본,개발/운영/판매,비서브,X,,,,300.0,,500.0,아키 타카노리,Y,"넨도로이드 시리즈, 피그마 시리즈, Bang Dream! Girls Band Party 관련, Good Smile Racing(자동차 경기 팀)",넨도로이드·피그마 피규어 제조 세계 1위급. 2025년 미국 de minimis 규제 여파로 미국 출하 일시 정지.,"넨도로이드·피그마 세계 브랜드 파워, 2차원 IP 피규어화 전문성, 게임·이벤트까지 다각화","2025년 미국 de minimis 규제 영향 미국 출하 일시 정지, 생산 비용 상승",비공개(창업자 아키 타카노리 중심),피규어 업계에서의 확립된 지위와 강한 오너 독립성. 대규모 MMO 운영 인프라 부재. 게임 M&A 타깃으로는 부적합. 굿즈·피규어화 파트너십이 현실적 협업.,orig,[2025-2026 업데이트] 2025년 8월 미국 정부 de minimis 면제 정지 여파로 미국 출하 일시 정지. 글로벌 피규어 수요는 중화권·동남아 확대로 지속 성장.
18.0,퓨리,フリュー,일본,판매원,비서브,N,,,303.0,448.0,7.4,537.0,에노모토 마사히토,N,"프리쿠라 기기, 마기레코 관련 세카이칸 IP, 캐릭터 상품",프리쿠라 기기 및 캐릭터 IP 세카이칸 비즈니스 중심. FY2026 3월기 경상이익 40억엔(+21%) 전망으로 10기 연속 최고이익 목표.,"프리쿠라 시장 독점적 지위, 캐릭터 상품·게임·애니 크로스미디어 IP 전개, 안정적 수익","신규 사업 수익성 불안정, 프리쿠라 사업 국내 시장 성장 제약","KDDI그룹 자회사, 공개주(TSE:6238)",프리쿠라(프린트사진기)가 주사업으로 게임 사업은 부수적. 시총 291억엔이나 사업 구조상 게임 M&A 타깃으로는 비효율. 여성향 카주얼게임 퍼블리싱 협업 가능.,orig,"[2025-2026 업데이트] 2025년 6월 에노모토 마사히토 신임 사장 취임. FY2026 3월기 경상이익 40억엔 전망, 10기 연속 최고이익 예정.
[정정] 시총 447→약 303억엔(-32%)로 갱신(기준일 필요)."
19.0,펄어비스,Pearl Abyss,한국,개발/운영,비서브,N,,,2938.0,395.0,-4.0,733.0,허진영,Y,"Black Desert Online, Crimson Desert(출시: 2026-03-19), CCP Games(EVE Online 스튜디오, 2026-05 $120M 매각)","Black Desert·EVE Online 운영사. Crimson Desert 2025년 3월 글로벌 출시 6주 만에 500만장·179M달러 달성, 창사 이래 최대 분기 매출 기록.","독자 AAA IP 보유·자체 엔진 기술력, EVE Online 인수로 글로벌 서비스 다각화, 콘솔 확장력","Crimson Desert 장기 개발로 2024년 영업손실 전환, 대형 신작 출시 전까지 단일 IP 의존 리스크","정경인 대표 등 창업진·임원, 국민연금, 기관 분산",한국 동종 MMORPG 기업으로 경쟁 관계. 창업자계 38% 지분으로 독립 의지 강. 기술 협력·IP 교류 가능성은 있으나 M&A 관점 검토 불필요.,orig,"[2025-2026 업데이트] 2025년 3월 Crimson Desert 글로벌 출시, 6주 만에 매출 179M달러·500만장 돌파로 창사 이래 최대 분기 매출. 2026년 Q1 영업흑자 전환.
[정정] CEO: 정경인→허진영(2022-03). Crimson Desert 출시: 2026-03-19. CCP Games $120M 매각(2026-05) 반영."
20.0,마블러스,マーベラス,일본,개발/운영/판매,서브,T,소수지분,,333.0,280.0,6.5,750.0,照井慎一,Y,"Story of Seasons(牧場物語), Rune Factory: Guardians of Azuma(2025.5), Senran Kagura",Story of Seasons·Rune Factory 등 농경 RPG IP 보유 중형 게임사. 실적 부진으로 2025년 4월 CEO 교체. 신임 테루이 체제로 재건 중.,"Rune Factory·Story of Seasons 글로벌 팬덤 IP, 다양한 장르 콘솔 포트폴리오","대형 히트작 부재로 수익성 저하, CEO 교체 등 경영 불안정, 영업이익률 3% 미만","공개주(TSE:7844), 주요 기관투자자 분산","텐센트 20%+창업자계 30%의 복잡한 주주구조로 협상 고난도. 단, 시총 317억엔으로 규모 합리적. 음악·무대 사업 분리 조건 시 게임사업 협상 가능성 잠재.",orig,"[2025-2026 업데이트] 2025년 2월 실적 부진으로 CEO 사임, 4월 1일 테루이 신이치 신임 대표 취임. Rune Factory: Guardians of Azuma 2025년 5월 일·서방 동시 출시.
[정정] CEO 한자: 照井信一→照井慎一. 이익률 2.9→6.5%로 갱신(as-of FY 기준)."
21.0,WFS,WFS,일본,개발/운영,서브,X,,,,285.0,6.4,,시모다 쇼타,Y,"어나더에덴(Another Eden), 헤븐번즈레드(Heaven Burns Red, 2022 일본/2024 글로벌)",GREE Holdings 100% 자회사. 헤븐번즈레드·어나더에덴 등 스토리 중심 고품질 모바일 RPG 특화. 2025년 1월 포케라보 흡수합병으로 규모 확대.,"Jun Maeda(Key)와 협업 실적, 장편 스토리 RPG 개발력, 글로벌 영어판 진출(2024)","GREE 그룹 의존, 신작 파이프라인 한정, 수익 규모 상대적 소규모",GREE Holdings 100%,GREE홀딩스 100% 완전자회사이자 GREE 게임사업의 수익 핵심. 매출 280억엔 규모로 그룹에서 쉽게 분리 불가. 스토리RPG 공동개발 파트너십은 검토 가능.,orig,[2025-2026 업데이트] 2024년 11월 헤븐번즈레드 영어 글로벌판 출시(Yostar 통해). 2025년 1월 포케라보 WFS 산하로 흡수합병.
22.0,코로프라,コロプラ,일본,개발/운영,서브,T,인수,,581.0,260.0,3.9,,宮本貴志,Y,白猫プロジェクト NEW WORLD'S、Brilliantcrypto（P2Eブロックチェーンゲーム）,白猫プロジェクトを主力とするスマホゲーム会社。2024年9月期に既存タイトル売上逓減で営業赤字転落。ブロックチェーンゲーム「Brilliantcrypto」に次の柱として注力中。,白猫プロジェクトの安定ユーザー基盤。BrilliantcryptoによるWeb3ゲーム市場への先行参入,主力ゲームの売上逓減が深刻（2024年9月期営業赤字転落）。Brilliantcryptoの収益化は依然不安定,宮本貴志社長が主要株主。タイミー株売却益で一時的に財務改善,창업자 바바 씨 40%이상 지분 보유이나 근년 업적 불안정으로 강력한 파트너 필요 가능성. 시총 562억엔으로 합리적 규모. 창업자 컨빈싱이 협상의 열쇠.,orig,"[2025-2026 업데이트] 2024年9月期に12億円の営業赤字転落。2025年Q3でタイミー株売却効果により営業黒字回復。Brilliantcryptoが2025年6月に1周年を迎え新採掘エリアを公開。
[정정] '영업적자' 서술이 남아있다면 제거. 2025.9기 흑자전환 완료로 업데이트."
23.0,아카츠키게임즈,アカツキゲームス,일본,개발/운영,서브,T,소수지분,,438.0,237.0,19.0,503.0,香田哲朗,Y,ドラゴンボールZドッカンバトル（11周年超）、怪獣8号 THE GAME（2025年8月世界同時リリース）,ドラゴンボールZドッカンバトルを主力とするスマホゲーム会社（アカツキ傘下）。2025年8月リリース「怪獣8号 THE GAME」が初月20億円以上の課金売上を達成し3年ぶりに黒字転換。,ドッカンバトルの11周年超えの長期安定運営力。原作連動型の運営ノウハウと新作「怪獣8号」の好スタート,ドッカンバトル単一タイトル依存からの脱却が課題。新作IPゲームの開発コスト先行による短期的業績ブレ,株式会社アカツキ（3932）が親会社,독립성 유지 중이나 소니 9%·코에테크모 8%로 이미 복수 전략 주주. 아카쓰키 100% 자회사이나 적절한 조건이라면 협상 여지. 시총 394억엔으로 합리적 규모.,orig,[2025-2026 업데이트] 2025年8月に怪獣8号 THE GAMEを世界同時リリース。初月課金売上20億円超・海外売上40%と好発進。2025年10〜12月期のゲーム事業が3年ぶりに黒字転換。
24.0,도너츠,DONUTS,일본,개발/운영,서브,T,파트너십,,,181.8,,867.0,니시무라 히로나리,N,"도쿄7thシスターズ(2026년 8월 서비스 종료 예정), D4DJ Groovy Mix, ブラックスター-Theater Starless-, Jobcan(SaaS)",게임·클라우드(Jobcan SaaS)·동영상라이브·헬스케어·퍼블리싱 5개 사업 영위 비상장사. 2025년 3월기 매출 181.8억엔.,"Jobcan SaaS의 안정 수익, 게임-미디어 복합 포트폴리오, 다각화된 리스크 분산","비상장 비공개 재무, 게임 단독 집중도 낮음, 히트작 의존 구조",비공개,"잡카운 SaaS로 안정 수익 확보한 오너기업. 자금 여유로 매도 인센티브 낮으나, 게임사업 단독 분리 협상 또는 전략적 파트너십 조건이라면 가능성 잠재.",orig,[2025-2026 업데이트] 도쿄7thシスターズ 2026년 8월 서비스 종료 발표. 게임·SaaS 투트랙 전략 유지.
25.0,에이밍,Aiming,일본,개발/운영,서브,O,인수,,134.0,158.0,13.1,705.0,시이바 타다시,N,"Lord of Knights, Blade Chronicle, Hunter×Hunter World Hunt",MMORPG 특화 스마트폰 게임사. FY2025 12월기 영업이익 20.98억엔 흑자전환. 애니 IP 배당 수입도 실적 견인.,"MMORPG 개발 특화, 콜로플 15.9%·텐센트 6.3% 전략적 주주 지원","매출 7% 감소 지속, 신규 대형 히트작 부재, 스마트폰 MMORPG 시장 포화","콜로플 15.88%, 텐센트홀딩스 6.254%, 공개주(TSE:3911)",시총 약 100억엔으로 규모 합리적. 코로프라 14% 주주이나 완전 배타적 관계 아님. 온라인게임 개발·운영 사업이 넥슨 코어와 직접 시너지. 친화적 매수 가능성 가장 높음.,orig,[2025-2026 업데이트] FY2025 영업이익 20.98억엔으로 흑자전환 성공. 외주비·외부결제 수수료 절감 및 애니 IP 배당 수입 증가로 수익성 대폭 개선.
26.0,케이브,ケイブ,일본,개발/운영,서브,N,,,47.0,140.0,8.1,118.0,아키타 히데요시,Y,"DoDonPachi(도도파치), Mushihimesama, Death Smiles, Akai Katana, Meteor Arena(2025)",탄막 슈팅 게임 명가. 모바일 게임 중심. FY2025 5월기 매출 139.7억엔. 신작 Meteor Arena 광고비 증가로 단기 이익 감소.,"도도파치·무시히메사마 등 컬트 IP, 충성 팬덤, 스팀 클래식 IP 배포 확대","시가총액 47억엔 소형, 탄막 슈팅 니치 시장, 게임 세그먼트 이익 -48.8% 급감","공개주(TSE:3760), 아키타 히데요시 등 임원",시총 46억엔 소규모. 탄막슈팅이라는 니치 장르 특화로 넥슨 포트폴리오와 시너지 제한적. 데라게 자회사는 별도 관심 대상이나 단독 파악 어려움.,orig,[2025-2026 업데이트] FY2025 신작 Meteor Arena 출시 관련 광고비 증가로 게임 세그먼트 이익 -48.8% 급감. 클래식 탄막 슈팅 IP 스팀 배포 지속 확대.
27.0,드리콤,ドリコム,일본,개발/운영,서브,O,인수,,115.0,127.0,0.9,366.0,나이토 히로키,N,Wizardry Variants Daphne(2024~),"Wizardry Variants Daphne 히트로 실적 급반등. FY2026 3월기 영업이익 6배 성장, FY2027 3월기 영업이익 9억엔 전망.","Wizardry IP 활용 RPG 개발 역량, 라쿠텐 자본 지원, 게임 IP 재활성화 성공 사례","단일 타이틀 집중 리스크, Atari에 일부 Wizardry IP 매각으로 IP 분산","라쿠텐그룹 20.02% 지분 보유(지분법 적용), 창업자 나이토 히로키, 공개주(TSE:3793)",시총 약 117억엔으로 합리적. 반남 20% 보유이나 경영 어려움으로 우호적 협상 가능성. Wizardry IP 부가가치. 창업자 나이토 33%와의 직접 협상이 관건.,orig,"[2025-2026 업데이트] Wizardry Variants Daphne 성공으로 FY2026 3월기 영업이익 6배 급증. 2025년 Atari가 Wizardry 1~5 IP 인수, Drecom은 6~8 계속 보유.
[정정] '영업이익 6배'는 전망치로 구분 표기. 2025.3기 실적은 -87.6% 등 악화 방향(수치/기준 재확인)."
28.0,뱅크오브이노베이션,バンク・オブ・イノベーション,일본,개발/운영,서브,N,,,195.0,124.0,17.4,,히구치 토모히로,Y,"MementoMori: AFKRPG, Mitrasphere, 신규 대규모 RPG 2편(개발중)",MementoMori: AFKRPG 글로벌 히트 게임사. FY2025 매출 123.7억엔(전기比 -9.2%). 차기 대규모 RPG 2편 개발 중.,"MementoMori 글로벌 인기(AFK RPG 장르 개척), 해외 매출 확장 기반","단일 타이틀 의존도 극히 높음, 신작 지연 시 매출 불안정","공개주(TSE:4393), 창업자 히구치 토모히로 등",창업자 히구치 씨 44%이상 지분. 메멘토모리 단일 히트에 매출 의존도 높아 지속성 불확실. 시총 231억엔이나 세계관·IP 독자성은 강함. 추가 정보 수집 후 재분류 검토.,orig,"[2025-2026 업데이트] 2025년 글로벌 확장 전략 발표, 차기 대규모 신작 RPG 2편 동시 개발 진행 중. FY2025 매출 123.7억엔으로 소폭 감소."
29.0,데라게,でらゲー,일본,개발/운영,비서브,N,,,,108.0,15.8,,카와구치 슌,N,"포켓몬 TCG 포켓(2024.10, 5억달러+ 매출), 드래곤퀘스트 Walk",DeNA 자회사로 모바일 게임 운영 특화. 포켓몬 TCG 포켓 초히트로 DeNA 게임부문 이익 8126% 폭증(2024).,"포켓몬 IP와의 강력한 협업, DeNA 기술·인프라","포켓몬 IP 의존 집중 리스크, 자사 독자 IP 부재",DeNA 주식회사 100%,케이브 100% 완전자회사로 단독 분리 매수 어려움. 몬스트 관련 개발 노하우는 가치 있으나 케이브 전체 인수 없이는 접근 불가.,orig,[2025-2026 업데이트] 포켓몬 TCG 포켓 2024년 10월 출시 후 1억 다운로드·5억달러 이상 매출 달성.
30.0,구미,gumi,일본,개발/운영,서브,O,인수,,179.0,84.0,4.1,,구니미츠 히로나오,Y,"Brave Frontier, 블록체인 게임 포트폴리오",Brave Frontier 개발사. 2025년 모바일 게임에서 블록체인·암호화폐 자산 전략으로 대전환. SBI홀딩스 30%+ 주요 출자.,"블록체인 게임 선구자, 글로벌 Brave Frontier IP, 암호자산 벤처투자 포트폴리오","모바일 게임 매출 급감(-52.5%), 블록체인 사업 수익 불확실성, 전략 전환 리스크","SBI홀딩스 그룹 30%+ 출자(2025년 말), 창업자 구니미츠 히로나오, 공개주(TSE:3903)","업적 저조·구조개혁 진행 중으로 현재가 매수 적기. SBIHD 35% 지분 정리 가능성 있으며, 시총 175억엔으로 합리적. 불채산 사업(블록체인 등) 처리가 관건.",orig,"[2025-2026 업데이트] 2025년 말 SBI증권 통해 57.2억엔 조달, SBI그룹 최대주주 확립. 모바일 게임 축소하고 블록체인·암호자산 전략으로 사업 대전환 선언."
31.0,케이랩,KLab,일본,개발/운영,비서브,N,,,260.0,68.6,-33.5,,사나다 테츠야,N,"Bleach: Brave Souls, Captain Tsubasa: Dream Team, Love Live! School Idol Festival",스마트폰 IP 게임 개발사. 2025년 3월 사나다 전 CEO 복귀. UAE계 투자사가 최대주주(23.15%) 취득 후 구조개혁 중.,"블리치·캡틴 츠바사 등 글로벌 애니 IP 라이선스 게임, 해외 매출 비중 높음","수년간 적자 지속(-33.5% 순이익률), 주요 타이틀 매출 감소, 인력 감축 목표 미달","UAE계 Ultimate Classic Investment 23.15%(최대주주, 2025.12 취득), 창업주 등 임원",영업이익률 -19%의 적자 지속으로 재무기반 손상 진행 중. 일부 IP 타이틀 라이센스 종료 리스크. 특정 지배주주 없어 인수 접근은 가능하나 인수 후 사업 재건 비용이 큼.,orig,"[2025-2026 업데이트] 2025년 12월 UAE 투자사로부터 51억엔 조달, 동사가 최대주주(23.15%)로 부상. 사나다 CEO 복귀 후 FY2026 흑자 회복 목표.
[정정] 매출 90→68.6억엔(2025.12기). 'mg -33.5%'는 매출감소율과 혼동 소지 → 마진 정의/기준 재확인 필요."
32.0,마이넷게임즈,マイネットゲームス,일본,운영,서브,N,,,13.8,88.5,4.8,260.0,이와키 미노루,N,기취득 80+ 스마트폰 게임 타이틀,스마트폰 게임 타이틀을 M&A로 취득·운영 특화. 누적 80개 이상 타이틀 운영 실적. TSE Growth 상장(3928). 스포츠 관련 사업도 병행.,"독자적 게임 M&A·재생 비즈니스 모델, 운영 효율화 노하우, 80+ 타이틀 운영 경험","신작 개발 역량 부재, 취득 타이틀의 수익 불확실성, 소규모 시총","공개 상장사(소액 분산 구조), 이와키 미노루 대표 지분 보유",마이넷 100% 자회사. 노후 게임 재생 전문 비즈니스모델로 넥슨 포트폴리오와 직접 시너지 낮음. 운영이관 서비스 업체로 활용 협업은 가능.,orig,"[2025-2026 업데이트] 2024년 12월기 매출 88.5억엔, 영업이익 4.28억엔 달성. 스마트폰 게임 신규 타이틀 운영 계약 지속 체결."
33.0,토세,トーセ,일본,개발/운영,비서브,N,,,46.0,66.4,9.7,,渡辺康人,N,"Game & Watch Gallery(닌텐도 수탁), Dragon Ball 시리즈, 다수 수탁 개발","교토 거점 수탁 전문 게임 개발사. 개발 누적 1,000편 이상. FY2025 8월기 영업이익 6.7억엔 흑자전환(전기 -5억엔).","1,000편 이상 수탁 실적, 닌텐도 등 대형사 파트너십, 교토 거점 안정적 개발력","시가총액 46억엔 소규모, FY2026 영업이익 39% 감익 예상, 매출 감소 추세","사이토 가문(창업 동족) 지배 구조, 공개주(TSE:4728)",수탁개발 전문사로 자사 IP·브랜드 없음. 넥슨 타이틀 개발 협력사로는 활용 가능하나 M&A 타깃으로서의 자산 가치는 한정적.,orig,"[2025-2026 업데이트] FY2025 영업이익 6.7억엔으로 흑자전환 성공(전기 -5억엔). FY2026는 수주 감소로 영업이익 39% 감익 예상.
[정정] 사장 이름: 渡辺泰仁→渡辺康人. 매출 69→66.4억엔."
34.0,닛폰이치소프트웨어,日本一ソフトウェア,일본,개발/판매,서브,N,,,44.0,52.0,-11.3,177.0,猿橋健蔵,Y,"Disgaea 7, Kyouran Makaism(2026.1 출시), Etrange Overlord(개발중), Marl Kingdom 시리즈","Disgaea 시리즈 RPG 개발사. FY2026 3월기 2기 연속 영업손실. 2025년 1월 사장 별세, 신임 체제로 재건 중.","Disgaea 글로벌 팬덤, 독특한 전략 RPG 정체성, NIS America 해외 퍼블리싱 네트워크","2기 연속 영업손실, 엔터테인먼트 매출 33% 급감, 경영진 교체로 인한 불안정","공개주(TSE:3851), 주주 약 2,308명",창업자계 50% 지분으로 독립 경영 강. 콘솔 중심 비즈니스로 넥슨 온라인게임과 사업 시너지 제한적. 디스가이아 IP 콜라보 협업은 검토 가능.,orig,"[2025-2026 업데이트] 2025년 1월 세코 테츠히사 사장 향년 54세 별세. 사루하시 켄조 신임 대표 취임. FY2026 3월기 2기 연속 영업적자, FY2027 흑자전환 목표.
[정정] CEO 한자: 猿橋賢蔵→猿橋健蔵. 매출 36→52억엔(통기)."
35.0,에이팀엔터테인먼트,エイチームエンタ,일본,개발/운영,서브,N,,,193.0,42.0,8.8,,中内之公,N,"Infinite Borders, 협업·수탁 게임 개발",에이팀홀딩스 게임 자회사(2021년 분사). FY2025 7월기 경상이익 3.7억엔으로 흑자전환 성공. 협업 수탁 개발 증가로 수익 안정화.,"기존 게임 운영 효율화, 수탁 개발 수주 증가, 3분기 연속 세그먼트 흑자 달성","매출 4.7% 감소 지속, 재무 기반 취약, 독자 IP 히트 필요",에이팀홀딩스 100% 자회사(비상장),에이팀HD 100% 완전자회사. 모회사가 게임 외 사업도 보유해 단독 분리 어려움. 게임사업 단독 시너지는 제한적.,orig,"[2025-2026 업데이트] FY2025(7월기) 경상이익 3.7억엔으로 흑자전환. 협업 수탁 개발 비율 증가로 수익 구조 안정화.
[정정] CEO 표기 오류: '林慶次郎' 미확인 → 대표 中内之公(에이팀 엔터)로 수정."
36.0,닛폰팔콤,日本ファルコム,일본,판매원,비서브,N,,,231.0,36.0,51.3,69.0,콘도 토시히로,Y,"英雄伝説 軌跡 시리즈(Trails), Ys 시리즈, Trails in the Sky 1st Chapter(2025 리메이크), Kyoto Xanadu(개발중)","69명 초소형 스튜디오, 영업이익률 50%대의 초고수익 구조. FY2025 사상 최대 이익. Trails in the Sky 1st Chapter 글로벌 대히트.","극소 인원·고마진 구조, 궤적·Ys 글로벌 팬덤 IP, 라이선싱 수입 고성장","69명 초소형 규모로 개발 속도 느림, 신규 IP 창출 제한, 시가총액 대비 유동성 낮음","콘도 토시히로 사장 등 동족·임원 보유, 공개주(TSE:3723)",창업자계 60% 지분 보유. 매출 대비 이익률 51%의 초고수익사로 매각 인센티브 없음. 이스·궤적 IP는 넥슨 RPG 포트폴리오와 시너지 잠재 — IP 라이센스 협업 검토 가능.,orig,"[2025-2026 업데이트] FY2025 Trails in the Sky 1st Chapter 글로벌 히트로 Q1 영업이익 +670% 급증, 사상 최대 이익 달성. 신작 Kyoto Xanadu 발표.
[정정] 매출 26→36억엔(성장), 시총 259→231억엔로 갱신(기준일 필요)."
37.0,에프포사무라이,f4samurai,일본,개발/운영,서브,T,인수,,,429.0,11.2,180.0,김철석,N,"마기아레코드, 디즈니 트위스티드 원더랜드(운영 중)",스마트폰 게임 개발사. 애니플렉스·세가·Samurai Incubate 등이 출자. 마기아레코드·디즈니 트위스티드 원더랜드 등 애니메이션 IP 게임 특화.,"애니메이션 IP 게임화 전문성, 애니플렉스와의 자본 제휴로 Sony IP 접근","소규모 인원, 자체 IP 부재, 타이틀 수 한정 및 서비스 종료 리스크","애니플렉스, 세가, Samurai Incubate 등(비상장)","독립계 중소사로 매력적 조건 제시 시 M&A 대상 가능성. 단, 세가·아니플렉스가 주요 주주로 있어 이들과의 관계 조정 및 IP 계약 재협의 필요.",orig,[2025-2026 업데이트] 2021년 2월 애니플렉스와 자본 업무 제휴 체결. 디즈니 트위스티드 원더랜드 지속 운영 중.
38.0,요스타,Yostar,일본,개발/운영,서브,N,,,,,,85.0,야오 멍,Y,"아즈르레인, 아크나이츠, 마작소울, 헤븐번즈레드(글로벌 퍼블리싱 2024)",중국계 게임 퍼블리싱사. 아즈르레인·아크나이츠 일본 퍼블리싱. 2024년 헤븐번즈레드 글로벌판 퍼블리싱.,"중화권 히트 게임 일본 현지화 전문성, 아즈르레인·아크나이츠 브랜드 파워","중국 규제 리스크, 기존 타이틀 수명주기 후반 진입",비공개(중국 Yostar Limited 산하),상하이 유성(上海悠星) 일본법인으로 중국 본사 의향이 결정적. 블루아카이브 일본 운영사로서 넥슨게임즈와의 관계 주목. M&A보다 퍼블리싱 협업 관계가 현실적.,orig,[2025-2026 업데이트] 2024년 11월 헤븐번즈레드 영어 글로벌판 퍼블리싱 개시(WFS·Key 협업).
39.0,시프트업,SHIFT UP,한국,개발/운영,서브,N,,,1840.0,325.0,66.2,322.0,金亨泰(Kim Hyung-tae),Y,勝利の女神:NIKKE（2022年）、Stellar Blade（PS5、2024年）,韓国発・女性キャラクターIPに特化したゲームスタジオ。NIKKEとStellar Bladeが主力。2024年7月に韓国KRXに上場。2024年売上が前年比30%増の過去最高219億8000万ウォン。,超高い営業利益率（約66%）と強烈なキャラクターIPの世界的ファン獲得。Stellar Bladeによるコンソール市場参入,NIKKE（売上の約70%）への集中リスク。少人数組織（322名）での複数プロジェクト並行開発の限界,金亨泰（創業者・CEO）が筆頭株主。Tencent（約20%）が第2位株主,시총 1.98조엔으로 현재 매수 현실적으로 불가. 한국 게임사로 경쟁 관계보다 파트너십 관계 모색이 현실적.,orig,"[2025-2026 업데이트] 2024年売上高は前年比30%増で過去最高。2025年Q3累計売上が前年同期比43%増と急成長継続。Stellar Blade PC版を2025年中に発売予定。
[정정] 매출 165→325억엔(TTM). Tencent 지분 20%→~35%. Stellar Blade PC 출시(2025-10-15) 완료. Stellar Blade 2는 Sony 결별·자체 퍼블리싱(내부 근거/공식 확인 필요)."
40.0,미호요 (호요버스),miHoYo(HoYoverse),중국,개발/운영,서브,N,,,,1370.0,,5000.0,류 웨이,Y,"원신 임팩트, 붕괴:스타레일, 젠레스존 제로(2024)",중국 상하이 기반. 원신·붕괴:스타레일·젠레스존제로 3대 글로벌 히트. 2024년 매출 전년비 23% 감소(약 47억달러)했으나 여전히 업계 최상위.,"원신 등 3개 글로벌 초히트 IP, 세계적 애니메이션 품질 그래픽","2024년 매출 23% 감소, CEO 차이 하오위 AI 창업으로 이탈, 신작 경쟁 심화",비공개(공동창업자 차이 하오위·류 웨이·뤄 위하오 지배구조),중국 민간 초우량 기업으로 매각 의향 없음. 규제 리스크도 존재. 일본 시장에서 콘텐츠 경쟁자이자 협업 잠재 파트너로 관계 파악 목적으로만 포함.,orig,"[2025-2026 업데이트] 2024년 매출 약 47억달러로 전년비 23% 감소. 공동창업자 차이 하오위 CEO가 AI 스타트업 창업으로 퇴임.
[정정] CEO 관련 이슈: 蔡浩宇 2023-09에 대표/회장직에서 물러남(내부 확인 필요). 매출 6,800억엔 표기는 과대 가능 → 2025 약 1,370억엔(근거/환산 기준(as-of, FX) 명시 필요)."
41.0,넷이즈게임즈,NetEase Games,중국,개발/운영,서브,N,,,114000.0,20700.0,,26028.0,丁磊(William Ding),Y,Identity V、Knives Out、Marvel Rivals、Harry Potter: Magic Awakened、Naraka: Bladepoint,中国最大手ゲーム企業。モバイル・PC・コンソール全方位展開。海外スタジオを複数保有。FY2024売上$144億、ゲーム事業が全体の79%。,グローバルIPと強力なモバイルゲーム開発力。中国市場での盤石な地位,中国規制リスク・米中関係による事業不確実性。2024年に海外スタジオで大規模レイオフを実施,William Ding（創業者）が筆頭個人株主。機関投資家多数,중국 상장 대기업. 일본 시장 진출 전략 파악 및 경쟁 동향 모니터링 목적으로 포함. M&A 대상 아님.,orig,[2025-2026 업데이트] 2024年、海外スタジオの大規模リストラと「エバーグリーン・マスマーケット」戦略へ転換。2025年Q1売上は前年比+7%増と回復基調。
42.0,레벨인피니트,Level Infinite,유럽/싱가포르,판매원,서브,N,,,,,,,미셸 류,N,"PUBG Mobile, 왕자영요 인터내셔널(Honor of Kings), 니케, Age of Empires Mobile(2024)",텐센트의 글로벌 게임 퍼블리싱 레이블(2021년 설립). PUBG Mobile·왕자영요 인터내셔널·니케 등 글로벌 퍼블리싱. 2025년 3분기 텐센트 해외 게임 매출 +43% YoY.,"텐센트 그룹 재정·IP 지원, 글로벌 퍼블리싱 네트워크, PUBG·왕자영요 초히트 타이틀","중국 텐센트 모회사 규제 리스크, 자체 IP 개발 한계",텐센트 게임즈 100%,텐센트 100% 브랜드로 독립 협상 불가. 넥슨 타이틀 글로벌 배신 협력사로서 검토하되 텐센트 본사와 직접 협상 필요.,orig,[2025-2026 업데이트] 2024년 Honor of Kings 인터내셔널 1억 다운로드. 2025년 4월 월매출 1.8억달러 달성.
43.0,레벨파이브,レベルファイブ,일본,판매/감수,서브,N,,,,67.1,0.0,300.0,히노 아키히로,Y,"레이튼 교수 시리즈, 이나즈마 일레븐: 빅토리로드(2025.11), 판타지 라이프 i","후쿠오카 기반. 레이튼 교수·이나즈마 일레븐·요괴워치 IP 보유. 2025년을 돌파구의 해로 선언, 3개 글로벌 동시 출시 추진.","레이튼·이나즈마·요괴워치 세계적 IP, 창업자 히노 대표의 강한 비전","비상장 재무 비공개, 최근 신작 히트 부재, 모바일 전략 취약",비공개(히노 아키히로 중심 독립 경영),히노 아키히로 대표가 대부분 지분 보유한 비공개 오너기업. 요괴워치 IP 여전히 강력하나 개발 지연 과제. 매각 의향 파악 불가이나 IP 라이센스 협업은 검토 가능.,upd,[2025-2026 업데이트] 2025년 돌파구의 해 선언. 이나즈마 일레븐 빅토리로드 2025년 11월 Switch2·PS5·PC 글로벌 출시.
44.0,NHN플레이아트,NHN PlayArt,일본,개발/운영,비서브,N,,,,135.0,19.7,260.0,정우진,Y,"LINE: 디즈니 쭘쭘(1억 다운로드), #콤파스(1500만+), 요괴워치 퍼즐, 드래곤퀘스트 케시케시","한국 NHN의 일본 게임 자회사. LINE 디즈니 쭘쭘 1억 다운로드, 요괴워치 퍼즐 2026년 3500만 다운로드 돌파.","대형 IP 라이선스 게임 운영 노하우, LINE 플랫폼 연계","자체 IP 부재, 라이선스 IP 의존 리스크",NHN Corporation(한국) 100%,"NHN JAPAN 100% 자회사. 한국 NHN 그룹 의향이 결정적으로, 단독 매수 어려움. 그러나 한국-일본 크로스 오퍼레이션 노하우와 #코패스 IP는 협업 가치 존재.",upd,[2025-2026 업데이트] LINE 디즈니 쭘쭘 2024년 누적 1억 다운로드 돌파. 요괴워치 퍼즐 2026년 2월 3500만 다운로드.
45.0,지투스튜디오스,G2 Studios,일본,개발/운영,서브,N,,,,21.1,,250.0,쿠보 무네히로,N,"스마트폰 게임 앱 다수, XR 이벤트 콘텐츠","2018년 설립 소규모 스마트폰 게임사. 2024년 3월 THE FIRST 주식회사에 전체 주식 양도, 100% 자회사화. XR 콘텐츠 제작도 병행.","모바일 게임 기획·개발·운영 일관 체제, XR·이머시브 콘텐츠 확장","소규모 스튜디오, 외부 의존도 높음",THE FIRST 주식회사 100%(2024.3 인수),긱스 100% 완전자회사로 단독 분리 어려움. 2018년 설립의 신생사로 실적 축적 중. 대형 IP 게임화 협업 파트너로는 검토 가능.,upd,[2025-2026 업데이트] 2024년 3월 THE FIRST 주식회사로 전체 주식 양도 완료.
46.0,크리처스,クリーチャーズ,일본,개발/운영,비서브,N,,,,337.0,64.1,245.0,키타노 유지,N,"포켓몬 TCG 포켓(DeNA 공동개발, 2024.10), 포켓몬 카드게임 전반 설계",포켓몬 TCG 설계·3D모델링 전문사. 포켓몬 컴퍼니 지분 1/3 보유. 포켓몬 TCG 포켓(DeNA와 공동개발) 2024년 초대박.,"포켓몬 카드게임 원천기술 보유, TCG 포켓 글로벌 대흥행(5억달러+)","포켓몬 단일 IP 집중 리스크, 독자 사업 다각화 한계",비공개(포켓몬 컴퍼니 관련 지분 구조),이시하라 씨 88.9% 단독 대주주. 닌텐도 11% 참여로 포켓몬 생태계 핵심 3사 중 하나. 이시하라 씨 의향 없이는 매각 불가. M&A 타깃 아님.,upd,[2025-2026 업데이트] 포켓몬 TCG 포켓 2024년 10월 출시 후 1억 다운로드·5억달러 이상 수익 달성. 2023년 4월 키타노 유지 신 대표 취임.
47.0,헤드록,ヘッドロック,일본,개발/운영,서브,N,,,,18.8,7.3,110.0,카토 켄고,N,"산고쿠시 타이센 관련 스마트폰 타이틀(SEGA 라이선스), KAI SANGOKUSHI TAISEN(2025)",1999년 설립 도쿄 나카노 소재 온라인·스마트폰 게임 개발·운영사. 블록체인 게임 KAI 산고쿠시 타이센 2025년 4-5월 정식 서비스 출시.,"오랜 온라인 게임 운영 노하우(25년+), 다양한 장르 경험","소규모 인원, 히트 타이틀 부재, 성장성 불명확",비공개(독립 비상장),주주구조 비공개로 평가 제한적. 온라인게임 서버·운영 기술은 가치 있으나 규모(110명)가 작아 넥슨 타이틀 수탁 협업이 현실적.,upd,[2025-2026 업데이트] 블록체인 게임 KAI SANGOKUSHI TAISEN 2025년 4-5월 정식 서비스 출시. 2024년 11월 사전등록 200만 돌파.
48.0,키 (비주얼아츠),Key（ビジュアルアーツ）,일본,개발/운영,서브,N,,,,26.0,0.0,114.0,텐쿠모 겐키,Y,"헤븐번즈레드, CLANNAD, 카논(Kanon), AIR, 리틀버스터즈, Iris City(2025 예정)",오사카 기반 비주얼노벨 퍼블리셔. 2023년 7월 텐센트가 인수. 헤븐번즈레드(WFS 협업)로 모바일 실적. 2026년 4월 신브랜드·3개 신작 발표.,"Key 브랜드의 압도적 비주얼노벨 팬덤, 헤븐번즈레드 글로벌 성공, 텐센트 자본","텐센트 인수로 창작 자율성 우려, 대표 CEO 교체로 방향성 불확실",텐센트 홀딩스 100%(2023.7 인수),텐센트 그룹 산하로 매각 불가. Key 브랜드 IP(CLANNAD·Angel Beats! 등)는 팬 커뮤니티 강력하나 개발 사이클이 너무 길어 넥슨 라이브서비스 문화와 미스매치.,upd,[2025-2026 업데이트] 2023년 7월 텐센트에 인수. 2024년 헤븐번즈레드 글로벌판 출시(Yostar 퍼블리싱). 2026년 4월 Visual Arts 새 비주얼노벨 브랜드와 3개 신작 발표.
49.0,아틀러스,アトラス,일본,개발/운영,서브,N,,,,320.0,18.0,500.0,미나미 나오키,Y,"Metaphor: ReFantazio(2024), Persona 3 Reload(2024), SMT V: Vengeance(2024)",세가 완전 자회사. Persona·SMT·Metaphor: ReFantazio 등 IP로 세가 전체 게임 매출의 28.2%를 담당.,"글로벌 JRPG 팬층 탄탄, Metaphor·Persona 신규 IP 확장력 강함","세가그룹 내 IP 집중 리스크, 신작 출시 간격이 길고 대작 의존도 높음",세가사미 홀딩스 100% 자회사,세가사미홀딩스 100% 완전자회사. 페르소나·SMT는 글로벌 컬트IP이나 콘솔 중심이라 넥슨 온라인게임 시너지 제한적. 세가사미 그룹 전체 매수 없이는 접근 불가.,orig,"[2025-2026 업데이트] Metaphor: ReFantazio 출시 당일 100만장·누적 200만장. Persona 3 Reload 340만장. 2024년 4월 전 직원 기본급 15% 인상.
[정정] Persona 3 Reload 판매량: 340만→207만(2.07M) 기준으로 갱신(마일스톤 기준일 명시)."
50.0,포노스,ポノス,일본,개발/운영,비서브,N,,,,100.0,,30.0,쓰지코 요리카쓰,Y,냥코대전쟁/The Battle Cats(2012~운영 중),"교토 기반 독립 모바일 게임사. '냥코대전쟁' 2024년 6월 누적 매출 700억엔 돌파, 일본 모바일 RTS 최고 매출 5년 연속 1위.","단일 IP 장기 운영 능력 탁월, 일본 국내 MAU 100만 이상 안정 유지","냥코대전쟁 단일 IP 의존, 신규 IP 부재, 소규모 인력으로 확장성 제한","비상장, 창업주 일가 경영",창업자 대부분 지분 보유 오너기업. 냥코대전쟁이라는 장기 히트 IP를 보유하나 재무 비공개로 가치 평가 어려움. 추가 정보 수집 필요.,upd,"[2025-2026 업데이트] 2024년 6월 The Battle Cats 누적 글로벌 매출 700M달러 돌파. 일본 68%, 미국 11%, 한국 8% 비중."
51.0,라센글,ラセングル,일본,개발/운영,서브,N,,,,,,326.0,오노 요시노리,N,Fate/Grand Order(운영 중),Aniplex 100% 자회사(2022년 인수). 구 DELiGHTWORKS의 FGO 운영·개발 부문 분리 설립. Fate/Grand Order 개발 운영 특화.,"FGO 장기 운영 노하우, Aniplex·Type-Moon과 긴밀한 제작위원회 체제","FGO 단일 타이틀 의존도 극도 높음, 모바일 가챠 시장 성숙화 리스크",Aniplex Inc. 100% 자회사 (Sony Music Entertainment Japan 계열),아니플렉스 100% 완전자회사. FGO 단일 타이틀 의존도 극히 높고 소니 그룹 생태계 내 위치로 독립 매수 불가.,orig,[2025-2026 업데이트] 2024년 10월 기준 직원 326명. 오노 요시노리(전 캡콤 SF 프로듀서) 사장 체제. FGO 일본·해외 지속 운영.
52.0,엔씨재팬,エヌ・シー・ジャパン,일본,운영/판매,비서브,N,,,,10.0,,30.0,임원기,N,"Lineage(일본 서비스), Lineage II, Aion",NCSOFT와 소프트뱅크 합작 일본 서비스 법인. 2024년 NCSOFT 전사 매출 1.58조원(전년비 11% 감소).,소프트뱅크와의 협업으로 일본 통신망·유통 접근성 우수,"일본 시장 PC MMORPG 수요 감소, 신규 타이틀 라인업 부족",NCSOFT(한국) + SoftBank Corp. 합작,NCSOFT 100% 자회사로 단독 매수 불가. 리니지 시리즈와 넥슨 MMORPG는 동일 시장 경쟁 관계로 인수 시 이해충돌 발생. K-MMORPG 시장 파이 제한적.,orig,[2025-2026 업데이트] 2024년 NCSOFT 박병무 공동대표 취임. 일본·대만 사업 총괄 임원키 임명.
53.0,아크시스템웍스,アークシステムワークス,일본,개발/판매,서브,T,인수,,,70.0,10.8,236.0,키도오카 미노루,Y,"Guilty Gear -STRIVE-(시즌5 DLC 2025), Dragon Ball FighterZ, BlazBlue",요코하마 기반 격투게임 전문 개발사. Guilty Gear·BlazBlue·Dragon Ball FighterZ 등 IP 보유. GG Strive 누적 350만 유저.,"대전격투 장르 세계 최고 수준 그래픽·시스템, 탄탄한 e스포츠 커뮤니티","격투게임 틈새 장르 한계, BlazBlue 장기 부재",비상장 독립계,창업자 키도오카 씨가 최대주주이나 복수 기관 주주 존재. 격투게임 IP는 넥슨 장르 포트폴리오 보완 가능. 조건부: 창업자 협상 및 IP 계약 구조 정리 필요.,short,[2025-2026 업데이트] GG Strive 350만 유저 달성(Evo 2025). SNK와 신규 격투게임 협업 논의. 미드레인지 신규 장르 확장 방침 발표.
54.0,SNK,SNK,일본,개발/운영,비서브,T,소수지분,,,24.3,,600.0,미공개(2025년 CEO 사임),Y,"Fatal Fury: City of the Wolves(2025), King of Fighters XV, Samurai Shodown",사우디아라비아 EGDC가 96.18% 보유. 2025년 4월 Fatal Fury: City of the Wolves 출시 후 CEO 사임. 자본금 최대 80% 감축 계획 발표.,"사우디 자본 기반 대규모 개발 예산, KOF·아랑전설·사무라이스피리츠 클래식 IP","Fatal Fury CotW 상업적 기대 미달, CEO 공백, 자본금 최대 80% 감축",EGDC(사우디 Misk Foundation 산하) 96.18%,ELECTRIC GAMING 100% 소유로 해당 모회사 협상이 전제. 적자(-28억엔) 지속으로 매각 검토 가능성 있음. KOF IP의 e-Sports 활용 가치는 높음.,short,"[2025-2026 업데이트] 2025년 4월 Fatal Fury CotW 출시 후 CEO 사임. 자본금·잉여금 약 80억엔(최대 80%) 감축 발표. Art of Fighting·Samsho 신작 개발 중.
[정정] 사임 CEO: 松原健二(Kenji Matsubara) 2025-05 사임 명기. SNK VS Studio 설립(2026-05) 이벤트 추가."
55.0,플래티넘게임즈,プラチナゲームズ,일본,개발,비서브,N,,,,,,350.0,이나바 아쓰시,Y,"Bayonetta 시리즈, NieR:Automata(개발), Ninja Gaiden 4(2025)",오사카 기반 액션게임 전문 개발사. 2024~2025년 케지 사이토 등 베테랑 디렉터 다수 이탈로 창작 역량 우려.,"고품질 액션게임 개발력, Ninja Gaiden 4(2025) 코에이테크모와 협업","히데키 카미야·케지 사이토 등 핵심 인력 대거 이탈, 바요네타 IP 향방 불투명","비상장, 텐센트 소액 투자 보유",텐센트가 자본 참여(지분율 비공개). 재무 비공개. 오너 독립 경영 의지 강하고 콘솔 중심 개발사로 넥슨 온라인게임과 문화적 거리 있음. 고품질 액션게임 개발 협업 파트너로는 검토 가능.,short,[2025-2026 업데이트] 2025년 초 케지 사이토·타우라 타카히사 등 핵심 인재 이탈 확인. Ninja Gaiden 4 2025년 10월 출시.
56.0,사이버커넥트투,サイバーコネクトツー,일본,개발,서브,T,소수지분,,,500.0,,502.0,마쓰야마 히로시,N,".hack 시리즈, Naruto 시리즈, Dragon Ball Z: Kakarot, Demon Slayer 게임",후쿠오카·몬트리올 거점. 반다이남코 밀접 협력사. 나루토·드래곤볼·귀멸의칼날 등 원작 기반 게임 전문.,"애니메이션 원작 게임 특화 기술력, 반다이남코와의 장기 협업 관계","수탁 개발 의존도 높음, 자체 IP 창출 역량 미검증",비상장 독립계,마츠야마 씨 90% 지분으로 본인 의향이 결정적. 반남 10% 주주와의 관계 조정 필요. 그러나 애니IP 게임화 노하우는 넥슨 IP 타이틀 확대 전략과 시너지 크음.,short,[2025-2026 업데이트] 2025년 기준 직원 502명(몬트리올 스튜디오 포함). 반다이남코 타이틀 지속 개발.
57.0,스파이크청소프트,スパイク・チュンソフト,일본,개발/판매,서브,N,,,,150.0,10.0,260.0,사쿠라이 미쓰토시,Y,"Danganronpa 시리즈, Master Detective Archives: RAIN CODE(2023), Shiren the Wanderer 6(2024)",카도카와 자회사. 단간론파·영단관탐정 레인코드·시렌 시리즈 보유. FY2024 순이익 7.93억엔으로 10년래 최고치.,"니치 어드벤처·로그라이크 장르 탄탄한 팬층, 카도카와 그룹 시너지","대형 AAA 타이틀 부재, 글로벌 시장 인지도 틈새 수준",카도카와(Kadokawa) 자회사,드완고 100% 완전자회사로 카도카와 그룹 소속. 단간론파·시렌 등 독특한 IP는 가치 있으나 그룹 전략상 분리 매수 어려움. IP 협업만 현실적.,short,"[2025-2026 업데이트] FY2024 순이익 7.93억엔, 10년 최고치. Shiren 6·레인코드 실적 견인."
58.0,딤프스,ディンプス,일본,수탁개발,비서브,N,,,,78.7,10.3,342.0,니시야마 다카시,N,"Dragon Ball Xenoverse 2, Sonic 시리즈, Street Fighter IV/V(개발 참여)",오사카 기반. 구 SNK·캡콤 출신 SF 공동 창안자 니시야마가 2000년 설립. 소닉·드래곤볼 수탁 개발 전문.,"격투·액션 장르 깊은 개발 역사, 대형 IP 수탁 실적 풍부","자체 IP 無, 대형 퍼블리셔 의존 구조",비상장 독립계,반남과 아니플렉스가 주요 주주로 이들의 동의 없이 매수 어려움. 수탁개발 전문사로 자사 브랜드 가치 낮음. 넥슨 타이틀 3D게임 개발 협력사로 활용 협의 가능.,short,[2025-2026 업데이트] 2025년 복싱 게임 신작(Ring 매거진 협력) 개발 중.
59.0,게임프릭,ゲームフリーク,일본,개발,비서브,N,,,,,,207.0,시게노 마사토,Y,"Pokemon Scarlet & Violet(2022), Pokemon Legends: Z-A(2025 예정)","포켓몬 본편 독점 개발사. TPC FY2025 매출 4,110억엔(+38.1%) 사상 최고. 스칼렛·바이올렛 품질 논란 지속.","포켓몬 IP 독점 개발권, 세계 최대 엔터테인먼트 IP와 직결","스칼렛·바이올렛 품질 논란, 소규모(207명)로 메인 시리즈 완성도 한계",닌텐도·크리쳐즈·게임프릭 3사가 포켓몬 컴퍼니 공동 주주,포켓몬 3대 원저작 관련 기업 중 하나. 닌텐도와 포켓몬컴퍼니 영향하에 있어 독립 매수 현실적으로 불가. 참고용 파악 목적으로 포함.,short,"[2025-2026 업데이트] 2024년 8월 직원 207명으로 약 20% 채용 확대. TPC FY2025 매출 4,110억엔(포켓몬 TCG 포켓 앱 효과)."
60.0,할연구소,ハル研究所,일본,개발,비서브,N,,,,71.4,33.5,169.0,미공개,Y,"Kirby 시리즈, Kirby and the Forgotten Land(2022), 차기 커비 신작(개발 중)",닌텐도 세컨드파티. 커비·마더·스매시브라더스 전작 개발. 2024년 닌텐도 스위치2 대응 차기 커비 신작 대규모 채용 진행.,"닌텐도와 수십 년 협력, 커비 IP 개발 독점, 안정적 공급망","닌텐도 종속 단일 구조, 독자 IP·사업 다각화 없음",닌텐도 2차 협력사,닌텐도가 3대 주주로 사실상 닌텐도 파트너 기업. 종업원지주회 주도 오너십 구조로 독립 매각 현실적으로 불가. 참고 파악 목적.,short,[2025-2026 업데이트] 2024년 차기 커비 신작 개발을 위한 대규모 채용(액션·UI·그래픽 프로그래머). 닌텐도 스위치2 대응 타이틀 개발 시사.
61.0,포켓페어,ポケットペア,일본,개발/운영,비서브,N,,,,470.0,,50.0,미조베 다쿠로,Y,"Palworld(2024, 32M+ 플레이어), Craftopia","도쿄 인디 개발사. 2024년 1월 Palworld 출시 3일 500만장 돌파, 32M 플레이어 달성. 2025년 9월 닌텐도 특허 소송 합의.","Palworld 초대형 글로벌 히트, 자금력으로 퍼블리싱 부문 신설","닌텐도 특허 소송 합의(라이선스 비용 지속), Palworld 이후 신작 리스크","비상장 독립계, 미조베 다쿠로 CEO",오너 100% 소유로 미조부치 씨 의향이 전부. 닌텐도와 특허 소송 분쟁 중으로 법적 리스크 존재. 팔월드 IP의 급성장 모멘텀은 주목할 만하나 분쟁 해결 전까지 접근 보류 권고.,short,[2025-2026 업데이트] 2024년 9월 닌텐도·TPC 특허 침해 소송 → 2025년 9월 합의·라이선스 비용 지급. 2024년 12월 Feybreak Island 업데이트.
62.0,플레임하츠,フレイムハーツ,일본,수탁개발,비서브,T,인수,,,15.0,0.0,130.0,쓰쿠시 도시야,N,"Eiyuden Chronicle: Hundred Heroes(2024 개발 참여), Pokemon LEGENDS Z-A(개발 지원), Ninja Gaiden 4(개발 지원)",도쿄 기반 게임 개발·3D CG·로컬라이즈 종합 스튜디오(2003년 설립). Digital Hearts Holdings 그룹사.,"멀티 분야(개발·CG·녹음·영상·현지화) 원스톱 제공, 대형 IP 참여 실적","모회사 Digital Hearts Holdings에 종속, 독자 IP 없음",Digital Hearts Holdings(TSE: 3676) 자회사,NEXON Korea DNF DUEL 직접 개발 실적으로 신뢰 관계 이미 구축. 디지털하츠HD와의 협상 통해 분리 인수 또는 업무제휴 확대 모두 검토 가능.,short,[2025-2026 업데이트] 2024년 Eiyuden Chronicle 공동 개발. Pokemon LEGENDS Z-A 및 Ninja Gaiden 4 개발 지원.
63.0,니트로플러스,ニトロプラス,일본,개발,서브,N,,,230.0,40.0,15.6,85.0,타카키 코사카(디지타로),Y,"도검란무-ONLINE-, Dolls Nest(2025 출시), Rusty Rabbit(2025), 슈타인즈;게이트(원작)","비상장. 2024년 6월 CyberAgent 완전자회사(167억엔 인수). 도검란무 IP 등 보유. FY2025 8월기 순이익 15억엔(+102%), 7년래 최고.","도검란무 등 강력한 오타쿠 여성향 IP, CyberAgent 그룹 시너지, 소규모 고수익 구조","85명 소규모 스튜디오, CyberAgent 전략에 종속, 신규 IP 창출 능력 제한적",CyberAgent 72.5% 완전자회사(2024.6 인수),"CA가 2024년 7월 167억엔(72.5%)에 취득, 기업가치 약 230억엔. CA 연결자회사로 분리 매각 어려움. IP 라이센스 협업 검토 가능.",short,"[2025-2026 업데이트] 2024년 6월 CyberAgent가 167억엔에 인수 완료. 2025년 Dolls Nest·Rusty Rabbit 출시로 FY2025 순이익 102% 급증, 7년래 최고 성적.
[정정] CyberAgent 지분 100%→72.5%로 정정."
64.0,두근두근그루브웍스,ドキドキグルーヴワークス,일본,수탁개발,비서브,N,,,,40.5,3.8,700.0,미공개,N,"Octopath Traveler: CotC, Various Daylife, Octopath Traveler 0(2025.12)",스퀘어에닉스와 긴밀 협력. 오크토패스트래블러·발키리 아나토미아 등 개발. 2025년 12월 Octopath Traveler 0 SE와 공동 출시.,"스퀘어에닉스 IP 개발 역량, HD-2D 기술 숙련도","스퀘어에닉스 의존 수탁 비중 높음, 독자 IP 부재",비상장 독립계,복수 오너 주주 구조로 협상 복잡. 개발+운영+테스트 일괄 수탁이 강점이나 자사 IP 없음. 넥슨 타이틀 수탁 개발 협력사로 활용 협의 가능.,short,[2025-2026 업데이트] 2025년 12월 Octopath Traveler 0 스퀘어에닉스와 공동 출시(Switch2/PS5/PC/Xbox).
65.0,이루카,イルカ,일본,수탁개발,비서브,N,,,,70.3,4.0,397.0,이와사키 타쿠야,N,"Pokemon Brilliant Diamond & Shining Pearl(2021), One Piece Odyssey(2023)",도쿄 기반. 2024년 3월 TPC와 합작 'Pokémon Works' 설립. Pokemon BDSP·One Piece Odyssey 개발.,"포켓몬 컴퍼니·반다이남코 양대 협력, Pokemon Works로 포켓몬 IP 중장기 개발 확보","수탁 의존 구조, 자체 IP 없음",비상장 독립계. Pokémon Works(TPC 51%·ILCA 49%) 합작,창업자 2명이 100% 지분 보유한 오너기업. 수탁개발 전문으로 자사 IP 없음. 넥슨 타이틀 고품질 개발 외주처로 협업 가능.,short,[2025-2026 업데이트] 2024년 3월 TPC와 Pokémon Works K.K. 설립(Pokemon HOME·Sleep·Champions 담당). 반다이남코와 Bandai Namco Aces 공동설립(Ace Combat 차기작).
66.0,사이버드,サイバード,일본,개발/운영,서브,N,,,,63.0,0.5,63.0,모토시마 다다시,Y,"Ikemen 시리즈(Ikemen Sengoku, Ikemen Revolution, Ikemen Villains)","도쿄 기반 모바일 여성향 게임사. 이케맨 시리즈 누적 3,500만 글로벌 멤버. Glyph(Aeria 계열) 산하.","글로벌 여성향 로맨스 게임 선두, 이케맨 브랜드 해외 인지도 강함","이케맨 단일 시리즈 의존, 소규모 체제",Glyph(Aeria Inc.) 산하 자회사,아에리아콘텐츠홀딩 100% 자회사. 여성향 IP 특화로 넥슨 주류 타깃과 유저층 상이. M&A보다 여성향 게임 콜라보 파트너십이 현실적.,short,"[2025-2026 업데이트] 2024년 Ikemen Villains 영문판 출시. 이케맨 시리즈 글로벌 3,500만 멤버 유지."
67.0,인텔리전트시스템즈,インテリジェントシステムズ,일본,개발,비서브,N,,,,67.0,22.6,169.0,미공개,N,"Fire Emblem 시리즈, Paper Mario, WarioWare, Fire Emblem Heroes(모바일), Fire Emblem Shadows(2025)",닌텐도 세컨드파티(1986년 설립). 파이어엠블렘·페이퍼마리오·워리오웨어 시리즈 개발. FE Heroes 누적 매출 10억달러 돌파.,"전략RPG 장르 글로벌 No.1, 닌텐도 장기 파트너십, 모바일·콘솔 양축 운영","닌텐도 종속 구조, 독자 퍼블리싱 없음",닌텐도 2차 협력사,사실상 닌텐도 전용 개발사로 파이어엠블렘 등 닌텐도 핵심 IP 담당. 독립 매각 현실적으로 불가. 참고 파악 목적.,short,[2025-2026 업데이트] 2025년 9월 Fire Emblem Shadows 출시. 닌텐도 스위치2 대응 타이틀 개발 추정.
68.0,폴리포니디지털,ポリフォニー・デジタル,일본,개발,비서브,N,,,,171.0,,300.0,야마우치 카즈노리,N,Gran Turismo 7(SPEC III 업데이트 2025.12),소니 인터랙티브 엔터테인먼트 완전 자회사. Gran Turismo 시리즈 독점 개발. 시리즈 누적 판매 1억장.,"레이싱 시뮬레이션 세계 최고 수준, Sony AI·샤오미·혼다 등 산업계 협업","Gran Turismo 단일 IP 의존, 출시 간격 긺",Sony Interactive Entertainment 100% 자회사,소니IE 산하로 그란투리스모 IP 전담 개발사. 독립 매각 불가. 레이싱 게임 장르는 넥슨 포트폴리오와 시너지 제한적. 참고 파악 목적.,short,[2025-2026 업데이트] 2025년 9월 차기 프로젝트 대규모 채용. 2025년 12월 GT7 SPEC III 대형 업데이트. 샤오미·GT World Series 2025 파트너십.
69.0,지블로섬,G-Blossom,일본,개발,비서브,N,,,,0.7,8.6,10.0,미공개,N,"Ninjam(Steam 2025.4), MEMORICA(Android 2025.2)",2022년 설립 완전 원격근무 인디 스튜디오. Ninjam·MEMORICA 개발·출시.,"경량화 원격 팀, 캐주얼 멀티플레이 닌자 게임 독창성","극소규모(약 10명), 인지도 낮음, 수익 기반 미확보",비상장 인디 독립계,14명 초소규모 스튜디오로 재무규모 극소(7000만엔). 예술적 가치는 세계 최고 수준이나 규모상 넥슨 인수 타깃으로는 부적합. 크리에이티브 파트너십 검토 가능.,short,[2025-2026 업데이트] 2025년 4월 Ninjam PC(Steam) 정식 출시. 2025년 2월 MEMORICA Android 출시.
70.0,하이드,ハイド,일본,수탁개발,서브,N,,,,13.1,7.2,107.0,야나기하라 켄이치,N,"디지몬 서바이브(반다이남코), 룬 팩토리5(마블러스)",2002년 설립. 가정용 콘솔 게임 수탁 개발 전문. 150개 이상 타이틀 납품 실적.,"다양한 플랫폼 대응 가능한 수탁 개발 유연성, 풍부한 납품 실적","수탁 의존 구조로 자사 IP 부재, 소규모로 수주 변동 리스크 높음",비상장 비공개,창업자 2인 100% 소유로 의사결정 명확. 수탁개발 전문으로 자사 IP 없음. 넥슨 타이틀 개발 협력사로 활용 가능.,short,[2025-2026 업데이트] 2025년 2월 기준 직원 107명. e스포츠팀 'Team HYDE' 운영 지속.
71.0,소레이유,ソレイユ,일본,수탁개발,비서브,N,,,,30.0,0.0,50.0,오카모토 요시코,N,"Ninjala(닌자라), NARUTO TO BORUTO 시노비 스트라이커",2008년 설립. 2021년 텐센트(Wake Up Interactive 통해) 90% 지분 취득. 하이엔드 액션·슈팅 전문.,"Team NINJA 출신 고품질 액션 게임 개발력, 텐센트 자본 지원","소규모(50명), 텐센트 의존 구조",Wake Up Interactive(텐센트 계열) 100%,WAKE UP INTERACTIVE 산하로 단독 분리 어려움. 액션게임 개발 전문으로 넥슨 액션장르 타이틀 개발 협력사로는 활용 가능.,short,[2025-2026 업데이트] 텐센트 산하에서 자체 IP 개발 강화 중. Ninjala 누적 800만 다운로드.
72.0,그리,グリー,일본,개발/운영,비서브,T,소수지분,,683.0,571.0,8.5,1200.0,田中良和,N,ヘブンバーンズレッド、まどドラ、VTuber事務所すぺしゃりて,ゲーム・VTuber・DX・スポーツ等5事業を展開するホールディングス。ヘブバン・ライトフライヤースタジオを傘下に持つ。VTuber事業「すぺしゃりて」が新たな成長軸に。,VTuber事業の急成長（前期QonQ+103%増）とDX事業の安定収益。多角化による収益分散,ヘブバン等ゲーム主力タイトルの売上逓減が深刻。次期主力ゲームタイトルの不在,田中良和（創業者・代表取締役会長兼社長）が大株主,"구조개혁 효과로 흑자 전환 중. 시총 862억엔, 매출 613억엔 규모로 영업이익률 9.8% 회복. 창업자 약 30% 보유가 협상 변수.",add,"[2025-2026 업데이트] 2025年6月期売上571億円・営業益49億円。VTuberで「第2の創業」を宣言し100億円規模の投資方針を表明。
[정정] 시총 800→683억엔(-15%)로 갱신(기준일 필요)."
73.0,콜리,coly,일본,개발/운영,서브,T,인수,,636.0,259.0,2.4,1235.0,미야모토 타카시,Y,"White Cat Project NEW WORLD'S, Quiz RPG Wizard, Black Cat Wiz",White Cat Project 등 보유 중형 스마트폰 게임사. FY2025 9월기 매출 259억엔. 개발자 80% 생성AI 활용 선언.,"White Cat Project 장기 운영 안정성, 생성AI 적극 도입, 자사 기술 특허 다수 보유","매출 감소 추세(-0.16%), 신작 흥행 불확실, 대형 히트작 부재","宮本昌憲(창업자) 등 임원 지분, 공개주(TSE:3668)",시총 약 74억엔으로 매수 현실적. 여성향 서브컬처 IP 특화. Southair 50% 대주주와의 협상이 관건.,add,"[2025-2026 업데이트] 2025년 White Cat Project 11주년. 개발자 80%가 생성AI 실무 활용 중 발표, AI 주도 개발 문화 전면 도입."
74.0,에니쉬,enish,일본,개발/운영,비서브,T,인수,,42.0,33.2,-24.6,,모리타 히데카츠,Y,"De:Lithe Last Memories (블록체인게임), 보쿠노레스토랑II","모바일 게임 개발·운영사. 해당 기업명 공시 정보 확인 불가, 정확한 일본어 사명 및 증권코드 재확인 필요.",블록체인 게임 개발 경험 보유. 소형 시총으로 저비용 인수 가능.,2기 연속 영업적자(-24.6%). 핵심 타이틀 매출 감소. 블록체인 채산성 불확실.,유동주식 다수 (대주주 불명확),적자 지속·블록체인 전환 중으로 자금조달 필요 시 협상 환경 조성. 시총 42억엔으로 매수 부담 낮음.,add,[2025-2026 업데이트] 검색 결과에서 에니쉬(Enicom) 해당 기업의 상장 정보를 확인할 수 없었음. 기업명 표기 재확인 요망.
75.0,아에리아,アエリア,일본,개발/운영,서브,N,,,61.0,227.0,,519.0,코바야시 유스케,N,"스마트폰 게임 앱, 드라마 CD, 캐릭터 상품, 사이버드 계열 콘텐츠",IT서비스·게임 콘텐츠·자산운용 3개 사업. 게임 외 부동산 자산운용도 전개. 매출 소폭 감소 지속.,"어필리에이트 플랫폼 강점, 게임·드라마CD·캐릭터 상품 등 다각화 콘텐츠 사업","시가총액 소규모(61억엔), 게임 사업 성장 정체, 수익성 낮음","공개주(TSE:3758), 코바야시 유스케 대표 등",매출 226억엔 중형급이나 게임 외 부동산 사업 병존. 주주·이익구조 상세 미파악으로 추가 조사 후 재분류 필요.,add,"[2025-2026 업데이트] 2024-2025년 특기할 만한 대형 발표 없음. 매출 소폭 감소(-15.51% YoY) 지속, 자산운용 사업이 수익 완충 역할."
77.0,에디아,エディア,일본,개발/운영,서브,T,인수,,39.1,47.0,10.6,,카시마 요시나리,N,"쿠지코레(Kuji Kore), DIG-ROCK, 마작 비너스 배틀(Venus Blade)",IP사업(쿠지코레 온라인 복권 등)과 퍼블리싱사업(라이트노벨·만화)을 양대 축. TSE Standard 상장사. 2024년 최근 12개월 매출 전년비 +29% 성장.,"2차원 IP 특화, 쿠지코레 안정 수익, 모바일 앱 다수 보유","소규모·주요 타이틀 수익 집중 리스크, 퍼블리싱 사업 성과 변동성",비공개(상장사),시총 약 25억엔으로 극소형. IP 라이선싱·복각 노하우 보유. 흑자기조 전환 후 성장률 높아 협상 환경 양호.,add,[2025-2026 업데이트] 2025년 2월 소비자 게임 개발사 Zero Dive 인수 완료. TSE Standard 시장 이전(2024년).
78.0,폴투윈홀딩스,ポールトゥウィン・ホールディングス,일본,수탁개발,비서브,N,,,111.0,488.0,-0.5,8652.0,타치바나 텟페이,N,"게임 디버그·QA 서비스, 인터넷 모니터링 서비스",게임 디버그·품질검증·인터넷 모니터링 전문. 동증 프라임 상장(3657). 47개 연결자회사.,"게임QA·로컬라이제이션·인터넷 모니터링 종합 서비스, 글로벌 네트워크","2026년1월기 영업손실 전환, 사업 구조개혁 중",공개기업(동증프라임),게임 QA·로컬라이징 전문 우량사(16기 연속 증수). IP·개발 역량 없어 직접 시너지 한정적. 파트너십 관점 검토.,add,"[2025-2026 업데이트] 2026년1월기 매출 488억엔(전기비 6.5% 감소), 영업손실 2.4억엔. doublejump.tokyo와 Web3 서비스 협업 발표(2025.1)."
79.0,프롬소프트웨어,フロム・ソフトウェア,일본,개발/운영,비서브,X,,,,234.0,42.9,456.0,미야자키 히데타카,Y,"ELDEN RING, ELDEN RING NIGHTREIGN(2025.5), ARMORED CORE VI, Dark Souls 시리즈",1986년 설립. KADOKAWA 자회사. 소울즈 시리즈·엘든링으로 세계적 명성 획득. 고난이도 액션 RPG 장르의 세계적 선도사.,"엘든링 등 글로벌 히트 IP 보유, 독자적 게임 디자인 철학으로 높은 브랜드 가치",소수 정예(456명)로 신작 주기 길고 타이틀 공백 시 매출 변동 폭 큼,"KADOKAWA(주요), Sixjoy Hong Kong Limited(텐센트계), 소니 인터랙티브 엔터테인먼트","카도카와 100% 자회사. 매출 234억엔(2025년 3월기, +51%). 글로벌 메가 IP(엘든링 2,500만 본+) 보유 핵심 자산. 분리 매각 현실적으로 불가. 카도카와 그룹 전략 변동 시 연계 검토.",add,"[2025-2026 업데이트] 2025년3월기 매출 234억엔(전기비 51% 증가), 영업이익 100억엔. 2025년5월 ELDEN RING NIGHTREIGN 발매. DLC 'The Forsaken Hollows' 2025년12월."
80.0,타이토,タイトー,일본,PF운영,비서브,X,,,,717.0,,821.0,이와키 카츠히코,Y,"Space Invaders, 버블보블, 레이보우 아일랜드, 아케이드 레트로 IP",1953년 설립. 스퀘어에닉스 홀딩스 연결자회사. 아뮤즈먼트 시설 기획·운영 약 170점포.,"Space Invaders 등 클래식 IP 보유, 전국 아케이드 시설망, 스퀘어에닉스 그룹 지원","아케이드 오락실 시장 장기 축소 추세, 부모사 의존 구조",스퀘어에닉스 홀딩스 연결자회사,스퀘어에닉스HD 100% 자회사. 아케이드 플랫폼·레트로 IP 자산 보유. 분리 매각 가능성 없음.,add,"[2025-2026 업데이트] 2025년3월기 매출 717억엔, 직원 821명."
81.0,메이지스,MAGES.,일본,개발/운영,서브,X,,,,27.75,-12.6,186.0,아사다 마코토,Y,"STEINS;GATE, CHAOS;CHILD, B-PROJECT",2009년 설립. 코로프라 완전자회사(2020년). ADV 게임 전문. 채무초과 상태로 재건 중.,"STEINS;GATE 등 강력한 마니아층 IP 보유, ADV 장르 전문성","2024년9월기 채무초과, 경상손실 3.5억엔. 히트 신작 부재",코로프라(Colopl) 100%,코로프라 100% 자회사. STEINS;GATE 등 글로벌 서브컬처 IP 보유. 채무초과 상태로 코로프라 지원 의존. 단독 교섭 불가.,add,[2025-2026 업데이트] 2024년12월 아사다 마코토 신임 대표 취임. STEINS;GATE RE:BOOT 2026년으로 발매 연기(2025.11).
82.0,넥스트닌자,NextNinja,일본,개발/운영,서브,N,,,,,,233.0,야마기시 키요유키,Y,"그랜드 서머너즈, 동방 로스트워드, KYUB",2009년 설립. 스마트폰 RPG 기획·개발·운영 전문. 그랜드 서머너즈 글로벌 35개국 배포. IPO 준비 중.,"그랜드 서머너즈 글로벌 운영 실적(35국), IP 컬래버 역량","주력 타이틀 집중도 높음, 비상장으로 자금 조달 한계",비상장 비공개,독립 중견 개발사. 글로벌 배포 35~80개국. 주주 구조·재무 비공개로 추가 조사 후 재분류 필요.,add,[2025-2026 업데이트] 2024년9월기 최종이익 1억600만엔으로 흑자 전환. IPO 준비 진행 중.
83.0,이자나기게임즈,イザナギゲームズ,일본,개발/운영,서브,T,소수지분,,,6.9,,,우메다 신스케,Y,"Death Come True, 억울한 처형 게임 유르킬, DYSCHRONIA: CA",2017년 설립. 게임·Webtoon·애니메이션 멀티미디어 IP 창출 벤처. 2027년 IPO 계획.,"인터랙티브 무비·ADV 장르 독자성, 멀티미디어 IP 전개",매출 6.9억엔으로 소규모,비상장. 2024년8월 제3자배정 증자 실시,2027년 IPO 준비 중. NetEase·bilibili 등 해외 전략주주 존재. IPO 전 인수 기회이나 복수 투자자 조율 필요.,add,[2025-2026 업데이트] 2024년8월 사이타마리소나 창업응원투자조합 대상 제3자배정 증자. 2027년 IPO 계획.
84.0,더블점프도쿄,double jump.tokyo,일본,개발/운영,비서브,T,소수지분,,,,,,우에노 히로시,Y,"My Crypto Heroes, BRAVE FRONTIER HEROES, Web3 Total Support 서비스",2018년 설립. 블록체인·Web3 게임 개발·솔루션 제공 특화 스타트업. 누적 조달 35억엔 이상.,"Web3·NFT 게임 솔루션 선도적 위치, 소니·SBI 등 대형 투자사 지원","Web3 시장 변동성 리스크, 수익화 과제","TIS인텍그룹, 폴투윈홀딩스, SBI인베스트먼트, 소니그룹 등(비상장)",Sony·SBI·반다이남코 등 복수 전략주주. 누적 조달 30억엔+. 블록체인 게임 분야 일본 선두. IPO 또는 전략적 M&A 경로 예상.,add,[2025-2026 업데이트] 2024년8월 소니·SBI 등 시리즈D 1.5억엔 이상 조달. 2025년2월 TIS와 스테이블코인 결제 제휴.
85.0,햄스터,ハムスター,일본,개발/운영,비서브,N,,,,,,,하마다 린,N,아케이드 아카이브 시리즈(200+ 타이틀),1999년 설립. 아케이드 아카이브 시리즈로 레트로 게임 복각 전문. PS4·Switch·Steam 등 다플랫폼 배포.,"아케이드 아카이브 시리즈로 레트로 IP 라이선스 수주 능력, 저비용 고수익 복각 모델",레트로 복각 의존 구조로 신규 IP 없음,비상장 비공개,레트로 아케이드 게임 아카이브 전문 독립사. 재무·주주 비공개. SNK 등과 라이선스 파트너로 IP 접근 경로로서 전략 가치 있음.,add,[2025-2026 업데이트] 아케이드 아카이브 시리즈 꾸준히 신규 타이틀 추가 지속.
86.0,켐코,ケムコ,일본,개발/운영,비서브,N,,,,,,150.0,키자키 히로유키,Y,"Alvastia Chronicles, Bonds of the Skies, 이스케이프 RPG 시리즈 다수",본명 코토부키솔루션(주). 2004년 설립. KEMCO 브랜드로 스마트폰·콘솔 RPG 100+ 타이틀 글로벌 배포.,"저가 RPG의 대량 공급 모델, 전방위 플랫폼 대응",저가 반복 양산 이미지로 브랜드 프리미엄 낮음,비상장 비공개,모바일 RPG 양산 체제 독립 개발사. 연 5~6개 신작 출시 실적. 재무·주주 비공개로 추가 조사 후 재분류 필요.,add,"[2025-2026 업데이트] 2024년3월기 최종이익 8400만엔. 도쿄게임쇼2025 출전 결정, 신작 3타이틀 시연 예정(2025.9)."
87.0,토에이애니메이션,東映アニメーション,일본,애니메이션/IP,판권,X,,,6054.0,1008.0,26.8,960.0,高木勝裕,Y,ドラゴンボールDAIMA（Netflix世界2位獲得）、ONE PIECE、デジモンシリーズ、プリキュアシリーズ,ドラゴンボール・ONE PIECE・デジモン等の大型アニメIPを保有する老舗アニメ制作会社。2025年3月期に売上高が初めて1000億円を突破し過去最高を更新。,ドラゴンボール・ワンピースの海外版権収入が急拡大。Netflixなどとの配信連携による新規ファン層獲得,少数の超大型IP依存。新規IPの育成と主力IP長期維持が課題。制作費・人件費の上昇,東映株式会社が筆頭株主（約51%）,토에이 그룹 핵심 애니메이션 IP 제작사. 드래곤볼·원피스 등 글로벌 메가 IP 보유. 직접 인수 불가. 파트너십·라이선싱 참고 파악 목적.,add,"[2025-2026 업데이트] 2025年3月期売上高が初の1000億円超えで過去最高更新。ドラゴンボールDAIMAがNetflix世界2位を獲得。ワンピースIP売上が3年で約2倍に拡大。
[정정] 시총 7,182→6,054억엔(-16%), 이익률 24.8→26.8%로 갱신(as-of FY 기준)."
88.0,IG포트,IG Port,일본,애니메이션/IP,판권,T,소수지분,,420.0,146.0,5.7,517.0,이시카와 미츠히사,Y,"Attack on Titan(진격의 거인), Spy x Family, Haikyuu!!, Kaiju No.8, Ghost in the Shell 시리즈",Production I.G·Wit Studio 모회사. FY2025 5월기 매출 146억엔(+23%). 산리오가 2025년 6월 4대 주주(4.98%) 자본업무제휴.,"Attack on Titan·Spy x Family·Haikyuu!! 등 글로벌 히트 애니 IP, 스튜디오 다각화","애니 제작비 상승, 히트작 의존 수익 변동성, 인재 유출 리스크","이시카와 미츠히사 18.9%, 덴쓰그룹 9.85%, 닛폰TV 9.85%, 산리오 4.98%(2025.7 취득), NTT도코모 약 5%",시총 약 120억엔. 진격의 거인 등 글로벌 애니메이션 IP 보유 지주사. 소수지분 진입으로 애니메이션 IP 협력 채널 구축 검토 가능.,add,"[2025-2026 업데이트] 2025년 6월 산리오가 자본업무제휴로 4대 주주(4.98%) 취득. 2025년 8월 에반게리온 감독 안노 히데아키 이사회 합류.
[정정] 庵野秀明 관련 표기: 본사 이사회가 아니라 자회사 프로덕션IG 취체역으로 정정."
89.0,타입문,TYPE-MOON,일본,개발/IP,판권,T,인수,,,,,,타케우치 타케시,Y,"Fate/stay night, Fate/Grand Order(FGO), 월희, Tsukihime Remake",법인명 노츠유한회사. Fate 시리즈·FGO로 누적 매출 수조엔 규모. FGO 누적 수익 63억달러 돌파(2023년 기준).,"Fate/stay night·FGO 등 세계적 IP 보유, FGO 누적 수익 63억달러+","유한회사로 재무 비공개, FGO 매출 감소 추세(2022→2023 약 24% 감소)",유한회사(비공개). 나스 키노코·타케우치 타케시 공동 창업,Fate/ IP 원소유 비상장 독립 스튜디오. FGO 누적 매출 수천억엔. 서브컬처 게임 IP 중 세계 최상위 자산. 독립 성향 강해 조건부 접근 검토.,add,[2025-2026 업데이트] FGO 누적 수익 63억달러 초과(2023.8 기준). Tsukihime Remake PS4/5 버전 발매. TYPE-MOON studio BB에서 신규 게임 개발 중.
90.0,슈에이샤,集英社,일본,출판/IP,판권,X,,,,2229.0,,767.0,하야시 히데아키,Y,"ONE PIECE, 나의 히어로 아카데미아, 주술회전, 블리치, 드래곤볼",1926년 설립. 주간소년점프 등 만화·잡지·단행본 출판. 히토츠바시그룹 소속. 디지털·해외 판권 사업 급성장.,"원피스·귀멸·주술회전 등 세계적 IP군 보유, 디지털 수익 급성장","직원 767명으로 매출 대비 소규모 운영, 잡지 수요 장기 감소 추세","히토츠바시그룹(소학관이 필두주주), 비상장",비상장 초대형 출판사. 소년점프 IP(원피스·나루토·귀멸 등) 관리. 직접 인수 불가. 파트너십·게임 라이선싱 협력 참고 파악 목적.,add,"[2025-2026 업데이트] 2024년5월기(제83기) 매출 2043억엔(전기비 2.5% 감소), 순이익 206억엔(29.5% 증가). 2025년8월 하야시 히데아키 신임 사장 취임.
[정정] 매출 2,043→2,229억엔(+12.2%)로 갱신(as-of FY 기준)."
91.0,코단샤,講談社,일본,출판/IP,판권,X,,,,1692.0,,967.0,노마 요시노부,Y,"진격의 거인, 귀멸의 칼날(원작 대본), 블루 록, Fairy Tail",1909년 설립. 종합출판사. 만화·잡지·단행본·전자서적·라이츠비즈니스.,"진격의 거인·공격대·블루 록 등 강력 만화 IP, 전자서적 및 해외 판권 성장","2025년도 매출 1692억엔(전기비 1.1% 감소), 잡지 매출 감소 지속",비상장 동족 경영(노마가문 지배),비상장 초대형 출판사. 진격의 거인·블루록 등 IP 관리. 직접 인수 불가. 파트너십·게임 라이선싱 협력 참고 파악 목적.,add,[2025-2026 업데이트] 2025년도 매출 1692억엔. 2024년5월 와니북스 전주식 취득 자회사화.
92.0,스튜디오카라,スタジオカラー,일본,애니메이션/IP,판권,T,소수지분,,,,,,庵野秀明,Y,"신 에반게리온 극장판:||, 기동전사 Gundam GQuuuuuuX(카라×선라이즈 공동)",2006년 설립. 에반게리온 시리즈 신극장판 제작으로 설립된 자주 제작 애니메이션 스튜디오. 2026년5월 설립 20주년.,"에반게리온 등 독자 IP 완전 보유, 고품질 자주 제작 능력, 안노 히데아키 감독 브랜드","재무 비공개, 단일 IP 의존도 높음, 신작 간격 길고 수익 불안정",비공개(안노 히데아키 실질 지배),에반게리온 신극장판 IP 보유 소형 독립 스튜디오. 창업자 의존도 매우 높음. 소수지분 또는 JV 형태 접근 검토 가능.,add,"[2025-2026 업데이트] 2025년1월 기동전사 Gundam GQuuuuuuX -Beginning- 극장 공개. 에반게리온 완전 신작 시리즈 제작 결정.
[정정] 대표 한자: 安野秀明→庵野秀明. (감독/시리즈 구성 정보는 별도 필드로 분리 권장)"
93.0,포니캐년,ポニーキャニオン,일본,애니메이션/IP,판권,X,,,,360.0,-0.7,466.0,오쿠마 카즈나리,Y,"케이온!, 아이돌 마스터 관련 음반, 다수 애니메이션 제작 출자",후지미디어홀딩스 완전자회사. 음악·영상·애니메이션 소프트 제조판매. 1966년 설립.,"후지TV 그룹 시너지, 애니메이션 제작·음악·영상 복합 사업, 스트리밍·해외 번판 성장","2025년3월기 영업손실 2.6억엔(애니 출자금 상각 영향), 패키지 판매 감소 지속",후지미디어홀딩스 100%,후지TV 그룹 산하 음악·애니메이션 IP 보유사. 그룹 전략 핵심 자산으로 분리 매각 불가. 파트너십 참고 파악 목적.,add,"[2025-2026 업데이트] 2025년3월기 매출 360억엔(전기비 5% 감소), 영업손실 2.6억엔. 2025년6월 오쿠마 카즈나리 신임 사장 취임."
94.0,사이언스SARU,サイエンスSARU,일본,애니메이션/IP,판권,N,,,,14.0,24.9,51.0,藤田雅規,N,"해수의 아이, 댄전트로이카!, Keep Your Hands Off Eizouken!",2013년 유아사 마사아키·최은영 공동 설립. 2024년 도호가 전주식 취득 완전자회사화.,"독자적 실험적 아트 스타일로 국내외 높은 평가, 도호 그룹 자본 지원으로 안정성 향상","직원 51명 소규모, 제작 속도 제약",도호(주) 100%(2024년 완전자회사화),체인소맨·던전밥 애니메이션 제작 스튜디오. 재무·주주 비공개. 애니메이션 IP 협력 파트너십 관점에서 추가 조사 필요.,add,"[2025-2026 업데이트] 2024년5월 도호가 전주식 취득 완전자회사화. 대표이사 최은영 퇴임, 후지타 마사키 취임.
[정정] CEO: 藤田正幸→藤田雅規. 이익률 30.6%→24.9% (기준시점(as-of) 반드시 기재)."
95.0,헤로즈,HEROZ,일본,AI기술,AI기술,T,소수지분,,139.0,59.0,5.2,294.0,林隆弘,Y,"쇼기워즈(Shogi Wars), CHESS HEROZ, AI/DX B2B솔루션, AI 보안 서비스",쇼기워즈에서 출발한 AI/DX 기업. FY2025 4월기 매출 59.3억엔(+22.4%). B2B AI/DX 사업 +68% 급성장.,"쇼기워즈 압도적 B2C 네트워크, B2B AI/DX 솔루션 고성장, AI 보안 신사업 확대","영업이익률 5% 수준으로 낮음, 게임→AI 기업 전환기 비용 증가","공개주(TSE:4382), 창업자 하야시 타카히로·다카하시 토모히로 등",게임 AI 전문 상장사(시총 50억엔). 장기AI·모바일 게임AI 기술력. 흑자 기조로 소수지분 투자 통한 AI 기술 내재화 검토 가능.,add,"[2025-2026 업데이트] FY2025 매출 59.3억엔(+22.4%). B2B AI/DX 사업 +68% 급성장, 반복수익 비율 47%로 상승.
[정정] CEO 한자: 林隆博→林隆弘."
96.0,클러스터,Cluster,일본,AI기술,AI기술,T,소수지분,,,,,101.0,카토 나오토,N,"cluster 메타버스 플랫폼, 버추얼 이벤트 서비스",2015년 설립. 일본 최대급 메타버스 플랫폼 'cluster' 운영. 누적 조달 67억엔 이상.,"메타버스 플랫폼 선점 포지션, 기업·교육·이벤트 B2B 사업 다각화","2024년12월기 최종손실 19.7억엔(적자 지속), 수익화 모델 확립 과제","비상장. 하쿠호도DY홀딩스, 소니뮤직 등 전략적 투자자",메타버스·AI 아바타 기술 전문 비상장 스타트업. 200억엔+ 조달. 게임 내 AI 아바타·메타버스 연동 시너지 검토 가치 있음. 소수지분 접근.,add,[2025-2026 업데이트] 2024년12월기 최종손실 19.7억엔으로 적자폭 확대. 교육·의료·산업 메타버스 및 AI 활용 사업 확대 방침.
97.0,데이터그리드,DataGrid,일본,AI기술,AI기술,T,인수,,,,,23.0,오카다 유키,N,"Anomaly Generator(불량검사 AI), kitemiru(가상피팅), INAI MODEL(디지털휴먼)",2017년 교토대학 발 설립. 생성AI·합성데이터 스타트업. GAN·확산 모델 기반 독자 생성AI 개발.,"GAN·디퓨전모델 독자 기술력, 제조업 품질검사·가상피팅·디지털휴먼 등 산업 응용 다각화","직원 23명 극소규모, 수익화 단계 초기",비상장. 아에리아(Aeria) 등 투자. 프리시리즈A에서 3억엔 조달,생성AI 3D캐릭터 기술 전문 초기 스타트업. 게임 캐릭터 개발 효율화에 직접 활용 가능. 인수 또는 JV 통한 기술 내재화 검토.,add,[2025-2026 업데이트] 2024년11월 기준 Anomaly Generator 대형 제조업 30개사 이상 도입.
98.0,아피어,Appier,일본,AI기술,AI기술,T,소수지분,,887.0,437.0,6.8,791.0,유 즈한(Chih-Han Yu),N,"AIXON(AI 분석), AIRIS(AI 콘텐츠 생성), AIQUA(고객참여), Agentic AI 신제품","AI 마케팅·광고 SaaS 플랫폼. FY2025 매출 437억엔(+28%), 영업이익 30억엔으로 사상 최대. Agentic AI 신제품 출시.","AI 기반 마케팅 자동화 플랫폼, 동남아·일본·한국 e커머스 고객 기반, SaaS 반복 수익 구조","FX 변동 영향 큼, 광고기술 시장 경쟁 심화, 게임사 아닌 MarTech 기업","야후재팬(소프트뱅크그룹) 연결 관련사, 공개주(TSE:4180)",게임 AI 마케팅·유저 분석 전문 상장사(시총 200억엔). 게임사 레퍼런스 다수. 소수지분 투자 또는 전략 파트너십으로 마케팅 AI 역량 강화 가능.,add,"[2025-2026 업데이트] FY2025 매출 437억엔·영업이익 30억엔으로 사상 최대 경신. Agentic AI 글로벌 출시로 고객 채택 가속, FY2026 매출 540억엔 목표."
99.0,PKSHA테크놀로지,PKSHA Technology,일본,AI기술,AI기술,T,소수지분,,1168.0,350.0,13.0,1000.0,上野山勝也,N,PKSHA ChatAgent、PKSHA VoiceAgent、PKSHA FAQ、PKSHA AI Agents,東京大学発AI企業。AI SaaS・AIソリューション2事業を展開し2600社超が導入。LLMエージェント「PKSHA AI Agents」等を展開。2025年9月期売上200億円見込みで2期連続20%超成長。,東大松尾研究室発の高い研究開発力。AI SaaSの2600社超への導入実績と粘着性,ゲーム企業ではなくAI技術企業。収益規模が他社と比較して小さい。大手ITとの競合,上野山勝也（創業者・代表取締役）が主要株主,AI알고리즘 전문 상장사(시총 700억엔). 게임 추천 AI 실적 보유. 소수지분 투자 통한 AI 기술 파트너십 검토 가능.,add,"[2025-2026 업데이트] 2025年9月期売上高200億円見込み（前期比+18%）。AI Agentsプラットフォームの新サービス発表。2期連続で営業利益が100%超の増益率を達成。
[정정] 매출 200→350억엔(FY2026 예상, +60.8%). AI SaaS 도입사 2,600→4,223사로 갱신(근거/기준일 필요)."
100.0,포켓RD,ポケットRD,일본,AI기술,AI기술,N,,,,,,19.0,모미쿠라 히로야,N,"AVATARIUM(3D아바타 자동생성), Mirror Muse, second me",2017년 설립. 3D 아바타 자동생성 플랫폼 'AVATARIUM' 개발·운영. 누적 조달 13.4억엔.,"완전 자동 3D 아바타 생성 기술, BS아사히·대일본인쇄 등 전략적 파트너십","매출 소규모, 시장 개척 단계","비상장. BS아사히, Global Catalyst Partners Japan, 대일본인쇄(DNP) 등",VTuber·AI 버추얼 휴먼 기술 전문 비상장 스타트업. 재무·주주 미공개. 게임 캐릭터 IP 가상 인플루언서화 등 응용 가능. 추가 조사 후 재분류.,add,"[2025-2026 업데이트] 2024년5월 시리즈A 파이널클로즈 완료, 누적 조달 13.4억엔. DNP와 자본업무제휴 체결."
101.0,"AREA 35, Inc.",AREA35,일본,개발/운영,비서브,N,,accel,,,,30.0,由良浩明,Y,"Tiny Metal, Tiny Metal: Full Metal Rumble","2016년 8월 설립된 도쿄 소재 인디 게임 개발사로, 바이올리니스트이자 게임 제작자인 由良浩明가 창업했다. 턴제 전략 게임 \","언리얼 엔진 기반 전략 게임 개발 능력 보유. 자사 IP와 수탁 개발을 병행하며, 세계 시장을 직접 겨냥한 퍼블리싱 역량을 갖추고 있다.",오너 중심 소규모 스튜디오로 핵심 인력 이탈 시 리스크가 크다. 매출·자본금 등 재무 정보가 비공개이며 규모 확장에 한계가 있다.,,엑셀레이션 파트너 후보 스튜디오. 수탁 개발 실적 있어 협업 기반 있음. PC/Console 플랫폼 개발 역량,short,설립: 2016년
102.0,"ArtPlay, Inc.",ArtPlay,일본,개발/운영,비서브,N,,accel,,,,30.0,五十嵐孝司,Y,"Bloodstained: Ritual of the Night, Bloodstained: Curse of the Moon",2014년 9월 설립. \,IGA라는 강력한 브랜드 파워와 크라우드펀딩 성공 경험 보유. 메트로이드바니아 장르에서 세계적 인지도를 가진 IP를 자사 소유한다.,소수 정예 구조로 후속작 개발 자금과 인력 확보가 어려울 수 있다. 지속적 수익 창출 여부가 불확실하다.,,엑셀레이션 파트너 후보 스튜디오. PC/Console 플랫폼 개발 역량,short,설립: 2014년
103.0,"CRAFTS&MEISTER Co., Ltd.",CRAFTS&MEISTER,일본,개발/운영,비서브,N,,accel,,,,45.0,須藤克洋,Y,"Fire Emblem series support, Gundam titles support","2004년 6월 설립. 캡콤 출신 멤버들이 오사카에서 창업한 게임 수탁 개발 전문사로, 닌텐도·인텔리전트 시스템즈의 파이어 엠블렘 시리즈와 반다이남코의 건담 관련 타이틀 개발에 참여했다. 오사카 본사와 도쿄 GINZA WERKE 2개 거점을 운영한다.",PS5/PS4/PC 대응 고품질 수탁 개발 실적 풍부. 기획부터 릴리스 후 운영까지 일관 대응 가능한 풀스택 개발 체계를 보유한다.,"닌텐도/인텔리전트 시스템즈 등 특정 클라이언트 의존도가 높을 수 있다. 자본금 1,000만 엔의 중소 규모로 대형 복수 프로젝트 동시 수행에 제약이 있다.",,엑셀레이션 파트너 후보 스튜디오. 수탁 개발 실적 있어 협업 기반 있음. PC/Console 플랫폼 개발 역량,short,설립: 2004년
104.0,JORO,JORO,일본,개발/운영,비서브,N,,accel,,,,25.0,松田晃佑,Y,Code Geass: Genesic Re;CODE,"2018년 11월 설립된 도쿄 스미다구 소재 모바일 게임 개발·운영사다. 인기 애니메이션 IP 기반 소셜 게임에 특화되어 있으며, 카도카와의 \",IP 라이선스 기반 소셜 RPG를 기획-개발-운영까지 일관 처리하는 역량 보유. 유명 애니메이션 IP 접근 실적으로 카도카와 등 주요 IP 홀더와의 관계를 구축했다.,"자본금 100만 엔으로 재무 기반이 매우 취약하며, 소규모 스타트업 수준이다. IP 라이선스 소셜 게임 시장 의존도가 높다.",,엑셀레이션 파트너 후보 스튜디오. 수탁 개발 실적 있어 협업 기반 있음. Mobile 플랫폼 개발 역량,short,설립: 2018년
105.0,MUTAN Inc.,MUTAN,일본,개발/운영,비서브,N,,accel,,,,100.0,渡邊弘之,Y,"Forspoken (지원), Final Fantasy XVI (지원), Atelier Ryza series (지원)","2007년 1월 도쿄 도시마구에 설립된 콘솔·소셜 게임 수탁 개발 및 3DCG 디자인 전문사다. 스퀘어에닉스의 Forspoken·Final Fantasy 시리즈, 코에이테크모의 Atelier 시리즈, 아틀라스 등 다수 대형 퍼블리셔 타이틀에 참여했다. 자회사 Brownies 포함 약 100명 규모다.","3DCG 캐릭터 모델 제작 전문성이 특히 높으며, 스퀘어에닉스·코에이테크모·아틀라스 등 복수 대형사와 지속적 협력 관계를 유지한다.",자본금 300만 엔으로 재무 체력이 취약하다. 수탁 의존 구조상 대형 클라이언트 예산 삭감 시 수익이 직접 타격받을 수 있다.,Brownies Inc. 자회사 편입 (2025년 5월),엑셀레이션 파트너 후보 스튜디오. 수탁 개발 실적 있어 협업 기반 있음. PC/Console 플랫폼 개발 역량,short,설립: 2007년
106.0,"Pixyda, KK",pixyda,일본,개발/운영,서브,N,,accel,,,,73.0,石川貴也,Y,"HYAKKI YAKO Survivors, Demon Slayer mobile (지원)","2017년 8월 삿포로 창업 벤처로, 삿포로·도쿄 2거점 운영 중이다. 아니플렉스 등 대형 애니메이션 관련사의 스마트폰 게임 개발·운영 수탁 및 자체 타이틀 개발을 병행한다. 자체 IP \","삿포로 거점으로 타 도쿄 스튜디오 대비 비용 경쟁력을 갖추며, Aniplex 등 주요 애니메이션 IP와의 협업 실적이 존재한다.","자본금 980만 엔 소규모로, 수탁 의존도가 높다. 홋카이도 소재로 인재 채용 풀이 도쿄보다 제한적일 수 있다.",,엑셀레이션 파트너 후보 스튜디오. 수탁 개발 실적 있어 협업 기반 있음. All 플랫폼 개발 역량,short,설립: 2017년
107.0,SELECT BUTTON inc.,SELECT BUTTON,일본,개발/운영,비서브,N,,accel,,,,,中畑虎也,Y,"Pokémon Sleep, Magikarp Jump",2014년 7월 시부야구에서 설립된 소규모 스마트폰 게임 전문 개발사다. 포켓몬 컴퍼니와 협력해 \,포켓몬 컴퍼니와의 협력 실적이 뚜렷하며 수면 측정·캐주얼 모바일 게임 기획 역량이 있다.,"2024년 Pokémon Sleep 운영 이관 이후 주력 프로젝트를 상실했으며, 후속 프로젝트 확보 여부가 불명확하다.",,엑셀레이션 파트너 후보 스튜디오. 수탁 개발 실적 있어 협업 기반 있음. Mobile 플랫폼 개발 역량,short,설립: 2014년
108.0,SAZANAMI Inc.,有限会社 さざなみ,일본,개발/운영,비서브,N,,accel,,,,,,Y,"Super Robot Wars XO, Super Robot Wars NEO",2005년 1월 가나가와현 사가미하라시에 설립된 소규모 게임 개발사다. 반다이남코의 \,슈퍼로봇대전 시리즈 개발 경험으로 반다이남코와의 협력 실적이 있다. 소규모 팀으로 전체 개발 파이프라인을 내재화한 구조를 가진다.,"유한회사 구조의 극소형 스튜디오로 자본금 300만 엔, 최근 활동이 불분명하며 신규 타이틀 정보가 드물다.",,엑셀레이션 파트너 후보 스튜디오. 수탁 개발 실적 있어 협업 기반 있음. PC/Console 플랫폼 개발 역량,short,설립: 2005년
109.0,AIDIS Inc.,アイディス,일본,개발/운영,비서브,N,,accel,,,,80.0,早貸久敏,Y,LAST CLOUDIA,2016년 1월 설립. \,강력한 자사 IP(Last Cloudia)를 보유하고 글로벌 서비스를 직접 운영한다. 자본금 4.46억 엔 규모로 중형 인디 스튜디오 수준의 재무 기반을 갖추고 있다.,단일 타이틀 의존도가 높아 Last Cloudia 매출 하락 시 사업 전반에 영향이 크다. FY2024 적자 전환으로 재무 건전성에 우려가 있다.,,엑셀레이션 파트너 후보 스튜디오. Mobile 플랫폼 개발 역량,short,설립: 2016년
110.0,"Asobism Co.,Ltd.",アソビズム,일본,개발/운영,비서브,N,,accel,,,,102.0,大手智之,Y,"Castle & Dragon (城とドラゴン), Dragon Poker",2002년 미국 법인으로 출발해 2005년 12월 도쿄에서 주식회사로 재창업했다. 스마트폰 자체 게임 \,"자사 IP 복수 타이틀의 장기 운영 실적이 있으며, 스마트폰 게임 기획·개발·운영을 일관 처리한다.","스마트폰 소셜 게임 시장 경쟁 심화로 성장세 둔화가 우려된다. 자본금 1,000만 엔의 소규모 자본 구조로 대형 투자가 제한될 수 있다.",,엑셀레이션 파트너 후보 스튜디오. Mobile 플랫폼 개발 역량,short,설립: 2002년
111.0,Asobimo Inc.,アソビモ,일본,개발/운영,비서브,N,,accel,,,,282.0,近藤克紀,Y,"Toram Online, Avabel Online, Iruna Online",2003년 11월 도쿄에서 설립된 스마트폰 MMORPG 전문 개발·운영사다. \,스마트폰 MMORPG 특화로 다년간 복수 타이틀을 글로벌 서비스 중이다. 자본금 1억 엔 수준의 탄탄한 재무 기반을 갖추고 있다.,MMORPG 신규 플레이어 유입 감소 등 모바일 MMORPG 시장 성숙으로 성장 한계가 지적된다.,LDH JAPAN 관련 회사,엑셀레이션 파트너 후보 스튜디오. Mobile 플랫폼 개발 역량,short,설립: 2007년
112.0,Artisan,アルティザン,일본,개발/운영,비서브,N,,accel,,,,,,N,Final Fantasy series support,2017년 도쿄 스미다구에 설립된 소규모 게임 개발사다. 팀 멤버 대부분은 \,고도의 엔지니어 집약 구조로 기술력 중심의 수탁 개발을 수행한다. 스퀘어에닉스와의 협력 실적이 있다.,대표자·종업원 수·자본금 등 주요 기업 정보가 공개되지 않아 투명성이 낮다.,,엑셀레이션 파트너 후보 스튜디오. 수탁 개발 실적 있어 협업 기반 있음. PC/Console 플랫폼 개발 역량,short,설립: 2017년
113.0,ArtePiazza,アルテピアッツァ,일본,개발/운영,비서브,N,,accel,,,,31.0,眞島真太郎,Y,"Dragon Quest IV~VII remakes, Super Mario RPG (Switch, 2023)","1989년 11월 설립. 엔닉스(현 스퀘어에닉스) 출신 그래픽 디자이너 眞島真太郎가 창업한 도쿄 소재 개발사로, 드래곤 퀘스트 IV~VII 리메이크 및 \",35년 이상의 업력으로 드래곤 퀘스트 시리즈 IP와의 깊은 협력 관계를 유지하며 스퀘어에닉스·닌텐도 양사와 신뢰를 쌓아왔다.,소규모 구조로 인해 신규 클라이언트 확보보다는 기존 파트너 의존도가 높다.,,엑셀레이션 파트너 후보 스튜디오. 수탁 개발 실적 있어 협업 기반 있음. PC/Console 플랫폼 개발 역량,short,설립: 1989년
114.0,ALVION,アルヴィオン,일본,개발/운영,비서브,N,,accel,,,,88.0,平岡一郎,Y,"NieR:Automata (support), Pokémon series support, Fire Emblem support",1996년 11월 교토에서 설립되어 이후 오사카 스이타시로 이전한 게임 개발사다. 플래티넘게임즈와 협업한 \,"플래티넘게임즈, 스퀘어에닉스, 닌텐도 등 복수 최상위 퍼블리셔와 협력 실적을 보유하며, 오사카 거점으로 비용 효율이 높다.","자본금 1,000만 엔의 중소 규모로 재무 여력이 제한적이며, 수탁 개발 의존 구조라 클라이언트 발주 변동에 취약하다.",,엑셀레이션 파트너 후보 스튜디오. 수탁 개발 실적 있어 협업 기반 있음. PC/Console 플랫폼 개발 역량,short,설립: 1996년
115.0,angoo inc.,アングー,일본,개발/운영,비서브,N,,accel,,,,62.0,中川裕史,Y,Ark of Charon,"2015년 2월 설립된 도쿄 소재 게임 기획·개발·운영사로, 캡콤 출신 中川裕史가 창업했다. Niantic, SUNSOFT, gumi 등과 협업하며 자체 PC 전략 게임 \",수탁 개발과 자체 타이틀 개발을 균형 있게 병행한다. Niantic 등 글로벌 파트너와의 협력 실적이 있다.,소규모 스튜디오로 자체 IP(Ark of Charon)의 성공 여부가 사업 방향을 좌우한다.,,엑셀레이션 파트너 후보 스튜디오. 수탁 개발 실적 있어 협업 기반 있음. All 플랫폼 개발 역량,short,설립: 2015년
116.0,ARZEST Corporation,アーゼスト,일본,개발/운영,비서브,N,,accel,,,,80.0,石井洋児,Y,Yoshi\,2010년 6월 세가 출신 石井洋児가 요코하마에 설립한 콘솔 게임 전문 개발사다. 닌텐도 \,세가 출신 창업자의 네트워크를 기반으로 닌텐도·세가·스퀘어에닉스 등 최상위 퍼블리셔와 지속적 수탁 관계를 유지한다.,"자본금 3,000만 엔의 중소 규모이며, 대형 퍼블리셔 수탁 의존 구조상 발주 감소 시 수익에 직접 영향을 받는다.",,엑셀레이션 파트너 후보 스튜디오. 수탁 개발 실적 있어 협업 기반 있음. PC/Console 플랫폼 개발 역량,short,설립: 2010년
117.0,R-Force Entertainment Inc.,アールフォース・エンターテインメント,일본,개발/운영,비서브,N,,accel,,,,70.0,横山裕一,Y,330+ contract titles,"1999년 8월 설립된 도쿄 소재 게임 기획·개발·운영 전문사로, 330개 이상의 개발 타이틀 실적을 보유한 노련한 수탁 개발사다. 2023년 2월 도쿄 증시 상장사 테코아 주식회사(テンダ)의 자회사로 편입되었다. BGM 및 3DCG 애니메이션 전문 팀을 보유하고 있다.",25년 이상의 업력과 330+ 타이틀 개발 실적으로 다양한 플랫폼과 장르에 대응 가능하다. 테코아 자회사 편입으로 재무 안정성이 확보됐다.,테코아 자회사 편입으로 독립적 의사결정이 제한될 수 있다. 수탁 개발 구조로 자사 IP가 없어 브랜드 경쟁력이 낮다.,テンダ株式会社 자회사 (2023년 2월),엑셀레이션 파트너 후보 스튜디오. 수탁 개발 실적 있어 협업 기반 있음,short,설립: 1999년
118.0,Ilinx,イリンクス,일본,개발/운영,비서브,N,,accel,,,,37.0,田中宏幸,Y,"Gundam Breaker series, Dragon Ball: The Breakers",2010년 12월 설립. 일본 팔콤·캡콤 출신 田中宏幸가 도쿄 시나가와구에 창업한 콘솔 게임 전문 수탁 개발사다. 반다이남코의 \,반다이남코 등 일류 퍼블리셔와의 액션 게임 수탁 개발 실적이 풍부하다. 팔콤·캡콤 출신 대표의 기술 네트워크가 강점이다.,소규모 스튜디오로 반다이남코 등 특정 클라이언트에 대한 의존도가 높다.,,엑셀레이션 파트너 후보 스튜디오. 수탁 개발 실적 있어 협업 기반 있음. PC/Console 플랫폼 개발 역량,short,설립: 2010년
119.0,Inti Creates,インティ･クリエイツ,일본,개발/운영,비서브,N,,accel,,,,98.0,會津卓也,Y,"Azure Striker Gunvolt series, Blaster Master Zero, Mega Man ZX (Capcom)","1996년 5월 캡콤 출신 멤버들이 지바현 이치카와시에서 설립한 2D 액션 게임 전문 개발사다. 캡콤의 록맨(Mega Man) 시리즈 다수를 개발하고, 자체 IP \","2D 액션·플랫포머 장르 개발 능력이 세계적으로 인정받으며, 캡콤·닌텐도와의 수탁 실적과 자체 IP를 겸비한다.",2D 액션 장르 특화로 타 장르 진출이 제한적이다.,,엑셀레이션 파트너 후보 스튜디오. 수탁 개발 실적 있어 협업 기반 있음. PC/Console 플랫폼 개발 역량,short,설립: 1996년
120.0,indieszero,インディーズゼロ,일본,개발/운영,비서브,N,,accel,,,,54.0,鈴井匡伸,Y,"Theatrhythm Final Fantasy, NES Remix, Theatrhythm Final Bar Line",1997년 4월 도쿄 스기나미구에 설립된 닌텐도·스퀘어에닉스 협력 게임 개발사다. \,닌텐도·스퀘어에닉스 양사와의 장기 신뢰 관계가 강점이다. 리듬 게임·레트로 게임 재해석 분야에서 독보적 실적을 보유한다.,자본금 300만 엔의 소규모 재무 구조가 취약하다. 닌텐도·스퀘어에닉스 등 소수 클라이언트 의존도가 높다.,,엑셀레이션 파트너 후보 스튜디오. 수탁 개발 실적 있어 협업 기반 있음. PC/Console 플랫폼 개발 역량,short,설립: 1997년
121.0,eREAL GAMES,イーリアルゲームズ,일본,개발/운영,비서브,N,,accel,,,,,,Y,미출시 (개발 중),"2025년 창업한 초기 스타트업 게임 개발사로, 30년 이상 통신 시스템 개발 경험을 가진 프로그래머가 설립했다. \",오랜 IT 개발 경험을 가진 창업자의 기술 기반이 있다.,2025년 설립된 극초기 스타트업으로 사업 실적 및 재무 정보가 전무하다.,,엑셀레이션 파트너 후보 스튜디오. PC/Console 플랫폼 개발 역량,short,설립: 2025년
122.0,UNICO INC.,有限会社 ウニコ,일본,개발/운영,비서브,N,,accel,,,,,林圭一,Y,"Shinso Sangokushi (지원), 기타 수탁 타이틀","2006년 1월 도쿄 치요다구에 설립된 소규모 콘솔 게임 수탁 개발 전문 유한회사다. Mistwalker, 반다이남코, 소니 인터랙티브, 스퀘어에닉스를 주요 거래처로 하며 RPG 계열 타이틀 지원 실적을 갖추고 있다. 자본금 300만 엔의 소형 스튜디오다.",Mistwalker(坂口博信 대표)와의 협력 관계를 포함해 복수 일류 퍼블리셔와 수탁 개발 실적을 보유한다.,"유한회사 구조의 극소형 사업자로 자본금 300만 엔, 종업원 수·매출 정보 비공개다.",,엑셀레이션 파트너 후보 스튜디오. 수탁 개발 실적 있어 협업 기반 있음. PC/Console 플랫폼 개발 역량,short,설립: 2006년
123.0,"Cattle Call.inc,",キャトルコール,일본,개발/운영,비서브,N,,accel,,,,37.0,石井誠一,Y,"The Legend of Legacy, The Alliance Alive, Metal Max series","1998년 3월 도쿄 나카노구에 설립된 RPG 전문 게임 개발사로, 데이터 이스트 출신 멤버들이 창업했다. 스퀘어에닉스, FuRyu와 협업해 \","RPG 장르 특화로 독창적 세계관 설계 능력이 있으며, 스퀘어에닉스·FuRyu 등 복수 퍼블리셔와 협력 관계를 보유한다.",37명의 소규모 스튜디오로 동시 다발적 대형 프로젝트 수행이 어렵다.,,엑셀레이션 파트너 후보 스튜디오. 수탁 개발 실적 있어 협업 기반 있음. PC/Console 플랫폼 개발 역량,short,설립: 1998년
124.0,Camelot,キャメロット,일본,개발/운영,비서브,N,,accel,,,,42.0,高橋宏之,Y,"Mario Golf series, Mario Tennis series, Golden Sun series","1994년 4월 도쿄 신주쿠구에 설립. 형제인 高橋宏之·高橋秀五가 공동 운영하며, 닌텐도와의 독점적 협력 관계 아래 마리오 골프·마리오 테니스 시리즈와 황금의 태양(Golden Sun) RPG 시리즈를 개발했다. 자본금 6,000만 엔, 약 42명 규모의 닌텐도 전속 협력 스튜디오다.",닌텐도와의 장기 독점 협력 관계로 높은 수주 안정성을 보유한다.,닌텐도 단일 클라이언트 의존 구조로 발주 변동 리스크가 크다.,,엑셀레이션 파트너 후보 스튜디오. 수탁 개발 실적 있어 협업 기반 있음. PC/Console 플랫폼 개발 역량,short,설립: 1990년
125.0,Qmax Inc.,キューマックス,일본,개발/운영,비서브,N,,accel,,6.0,,65.0,吉武直志,Y,"99 Dragons, Kobito Zukan mobile","2005년 3월 후쿠오카시에 설립된 소셜·스마트폰 게임 개발·운영사다. GREE, Mobage 플랫폼 상에서 \","후쿠오카 거점으로 비용 효율이 높으며, 소셜 게임 플랫폼에서의 장기 운영 실적을 보유한다.",GREE·DeNA 등 구형 소셜 게임 플랫폼에 대한 의존이 높아 시장 변화에 취약할 수 있다.,,엑셀레이션 파트너 후보 스튜디오. 수탁 개발 실적 있어 협업 기반 있음. Mobile 플랫폼 개발 역량,short,설립: 2005년
126.0,Q-GAMES,有限会社 キュー･ゲームス,일본,개발/운영,비서브,N,,accel,,,,39.0,ディラン・カスバート (Dylan Cuthbert),Y,"PixelJunk series, The Tomorrow Children, Star Fox Command",2001년 9월 교토시에 설립된 영국 출신 개발자 Dylan Cuthbert가 이끄는 인디·아트 게임 전문 스튜디오다. \,독창적 아트 게임 IP \,자본금 300만 엔의 소규모 유한회사로 재무 기반이 취약하다.,,엑셀레이션 파트너 후보 스튜디오. PC/Console 플랫폼 개발 역량,short,설립: 2001년
127.0,Clap Hanz Limited,クラップハンズ,일본,개발/운영,비서브,N,,accel,,,,21.0,村守将志,Y,Everybody\,"1998년 소니 인터랙티브 협력사로 후쿠오카에서 설립된 골프 게임 전문 개발사로, 대표적 시리즈 \","골프 게임 장르 최고 전문성을 보유하며 소니, 애플, 메타 등 복수 플랫폼으로 확장 중이다.",21명의 소규모 팀으로 골프 게임 외 장르 다각화가 어렵다.,,엑셀레이션 파트너 후보 스튜디오. PC/Console 플랫폼 개발 역량,short,설립: 1998년
128.0,"Cross Plus Studio, Inc.",クロスプラススタジオ,일본,개발/운영,비서브,N,,accel,,,,25.0,川本恵史,Y,Granblue Fantasy: Relink (support),2018년 9월 오사카시 히가시요도가와구에 설립된 소규모 게임 수탁 개발사다. 사이게임즈의 \,사이게임즈 등 상위 개발사의 대형 타이틀 개발 지원 실적이 있다.,"자본금 100만 엔의 매우 취약한 재무 구조로, 소규모 스타트업 수준이다.",,엑셀레이션 파트너 후보 스튜디오. 수탁 개발 실적 있어 협업 기반 있음. All 플랫폼 개발 역량,short,설립: 2018년
129.0,Good-Feel,グッド･フィール,일본,개발/운영,비서브,N,,accel,,,,72.0,梅崎重治,N,Kirby\,"2005년 10월 도쿄 시나가와구에 설립된 닌텐도 전속 외주 개발사. 전 코나미 직원인 梅崎重治와 恵須川文人이 창립하였으며, 아트·패브릭 스타일의 독특한 비주얼을 강점으로 한다. 총 직원 72명 규모의 중소 개발사이다.",닌텐도와의 긴밀한 협업으로 커비·요시·피치 공주 시리즈 등 닌텐도 1st파티 수준의 작품을 꾸준히 제작한다. 독창적인 아트 스타일과 높은 완성도가 강점이다.,"닌텐도 수주 의존도가 매우 높아 독자 IP가 사실상 없으며, 매출 정보 비공개로 재무 투명성이 낮다.",미공개 (닌텐도 전속 하청 구조),엑셀레이션 파트너 후보 스튜디오. 수탁 개발 실적 있어 협업 기반 있음. PC/Console 플랫폼 개발 역량,short,설립: 2005년
130.0,GRASSHOPPER MANUFACTURE,グラスホッパー･マニファクチュア,일본,개발/운영,비서브,N,,accel,,,,60.0,須田剛一,Y,"No More Heroes, Killer 7, No More Heroes 3","1998년 3월 須田剛一(Suda51)이 설립한 개성 강한 액션 게임 개발사. 2021년 5월 중국 NetEase Games에 인수되어 현재는 NetEase 산하에서 운영된다. 도쿄 소재, 직원 약 60명 규모이다.",Suda51의 독창적인 게임 디자인 철학과 펑크·폭력·유머를 혼합한 스타일로 글로벌 컬트 팬덤을 보유한다. NetEase 지원으로 개발 역량이 확대되었다.,"NetEase 인수 후 독립성 유지 여부가 불투명하며, 중국 모회사 영향으로 지적재산권 및 방향성 리스크가 존재한다.",NetEase Games 100% 자회사 (2021년 인수),엑셀레이션 파트너 후보 스튜디오. PC/Console 플랫폼 개발 역량,short,설립: 1998년
131.0,Granzella Inc.,グランゼーラ,일본,개발/운영,비서브,N,,accel,,,,51.0,名倉剛,Y,"Disaster Report 4+, R-Type Final 2, R-Type Final 3 Evolved",2011년 4월 아이렘 소프트웨어 출신 스태프들이 설립한 이시카와현 가나자와시 소재 개발사. R-TYPE 시리즈와 절체절명도시(Disaster Report) 시리즈로 유명하다. 2023~2025년 급여 체불 및 최저임금법 위반으로 노동기준감독서 조사를 받는 등 경영 위기를 겪었다.,"전통 슈팅 게임 및 재난 시뮬레이션 장르에 특화된 고유 IP를 보유하며, 아이렘 레거시를 계승하는 유일한 스튜디오이다.",2023~2025년 임금 미지급 문제로 서류 송검되었고 경영 안정성이 낮다. 매출이 게임 판매에 크게 의존한다.,미공개 (독립 법인),엑셀레이션 파트너 후보 스튜디오. PC/Console 플랫폼 개발 역량,short,설립: 2011년
132.0,GROUNDING INC.,グランディング,일본,개발/운영,비서브,N,,accel,,,,117.0,岡村峰子,Y,"Crimson Dragon, Machikoro (街コロ), Street Smasher",2007년 9월 세가·마이크로소프트 출신 직원들이 설립한 후쿠오카 소재 게임 개발사. 닌텐도·마이크로소프트 등 대형 퍼블리셔와 협업하며 콘솔 및 모바일 게임을 개발한다. 직원 117명 규모이다.,"다양한 장르(콘솔, 모바일, VR)에 걸친 폭넓은 개발 경험을 보유하며 대형 퍼블리셔와의 파이프라인이 안정적이다.","자체 IP보다 수탁 개발 비중이 높아 수익 안정성이 낮고, 매출 정보가 비공개이다.",미공개 (독립 법인),엑셀레이션 파트너 후보 스튜디오. 수탁 개발 실적 있어 협업 기반 있음. PC/Console 플랫폼 개발 역량,short,설립: 2007년
133.0,"Groove Box Japan Co.,Ltd.",グルーブボックスジャパン,일본,개발/운영,비서브,N,,accel,,0.5,,56.0,島田周樹,Y,"One Piece Unlimited World R, various Bandai Namco licensed games","1988년 설립(구 리파인 텍스타일, 1998년 현재 사명으로 변경)한 홋카이도 삿포로 소재 게임 개발사. 반다이남코 등 대형 퍼블리셔와 협업하며 캐릭터 기반 게임 개발에 강점을 갖는다. 직원 56명, 연매출 약 5억 엔.",원피스·드래곤볼 등 인기 IP를 활용한 게임 수탁 개발 실적이 풍부하며 홋카이도 지역 거점으로 인재 확보 경쟁이 덜하다.,"반다이남코 등 특정 클라이언트 의존도가 높고, 자체 IP가 부재하다.",미공개 (독립 법인),엑셀레이션 파트너 후보 스튜디오. 수탁 개발 실적 있어 협업 기반 있음. PC/Console 플랫폼 개발 역량,short,설립: 1988년
134.0,"GREZZO Co.,Ltd.",グレッゾ,일본,개발/운영,비서브,N,,accel,,,,98.0,石井浩一,Y,"The Legend of Zelda: Ocarina of Time 3D, Link\","2006년 12월 스퀘어에닉스 출신 石井浩一가 설립한 닌텐도 전속 외주 개발사. 젤다의 전설 시리즈 리마스터 및 신작 개발로 높은 평가를 받고 있다. 도쿄 시부야구 소재, 직원 98명.","닌텐도와의 신뢰 관계를 바탕으로 젤다 시리즈 핵심 개발 파트너 위치를 확보하였으며, 오리지널 신작(Echoes of Wisdom)까지 맡을 정도로 신뢰가 높다.","닌텐도 의존도가 극히 높아 독자 IP나 다각화 실적이 없으며, 매출 정보가 비공개이다.",미공개 (닌텐도 전속 하청 구조),엑셀레이션 파트너 후보 스튜디오. 수탁 개발 실적 있어 협업 기반 있음. PC/Console 플랫폼 개발 역량,short,설립: 2006년
135.0,G.rev Ltd.,有限会社 グレフ,일본,개발/운영,비서브,N,,accel,,,,10.0,丸山博幸,Y,"Border Down, Under Defeat, Gradius V (sub-developer)","2000년 7월 타이토 출신 스태프들이 설립한 도쿄 소재 소규모 슈팅 게임 전문 개발사. 아케이드 및 가정용 슈팅 게임에 특화되어 있으며, 자본금 300만 엔의 유한회사이다.","국내외 슈팅 게임 마니아층에게 높은 인지도를 보유하며, 그라디우스V 등 코나미 IP 수탁 실적이 있다.","규모가 매우 작아 자금력과 인력이 제한적이며, 슈팅 장르 자체의 시장 축소로 사업 지속성에 불확실성이 있다.",미공개 (유한회사),엑셀레이션 파트너 후보 스튜디오. 수탁 개발 실적 있어 협업 기반 있음. PC/Console 플랫폼 개발 역량,short,설립: 2000년
136.0,GameLoop Inc.,ゲームループ,일본,개발/운영,비서브,N,,accel,,,,3.0,三浦義広,Y,MELTY BLOOD: TYPE LUMINA (공동 개발),"2017년 2월 아이치현 나고야시에 설립된 초소형 게임 개발사. 직원 3명의 마이크로 스튜디오로, 가정용·스마트폰·파친코 등 다양한 플랫폼의 게임 개발을 수탁한다. MELTY BLOOD: TYPE LUMINA 개발에 프로그래머로 참여하였다.",소규모이지만 격투 게임 분야 등 전문적인 프로그래밍 지원 능력을 보유한다.,"직원 3명의 극소규모 스튜디오로 사업 연속성 리스크가 크고, 자체 IP가 없다.",미공개,엑셀레이션 파트너 후보 스튜디오. 수탁 개발 실적 있어 협업 기반 있음. PC/Console 플랫폼 개발 역량,short,설립: 2017년
137.0,SANDLOT,サンドロット,일본,개발/운영,비서브,N,,accel,,,,25.0,黒田志郎,Y,"Earth Defense Force 2017, Earth Defense Force 4.1, Earth Defense Force 6","2001년 3월 설립된 도쿄 스기나미구 소재 게임 개발사. 지구방위군(Earth Defense Force) 시리즈의 개발사로 유명하며, D3 Publisher와 유키스(Yuke\","지구방위군 시리즈로 글로벌 컬트 팬덤을 보유하며, 독자적인 대규모 배틀 액션 장르에서 독보적인 위치를 차지한다.","사실상 지구방위군 단일 IP에 의존하고 있으며, 소규모 인력으로 대형 시리즈를 유지하는 데 한계가 있다.",미공개 (독립 법인),엑셀레이션 파트너 후보 스튜디오. PC/Console 플랫폼 개발 역량,short,설립: 2001년
138.0,"CITY CONNECTION CO., LTD.",シティコネクション,일본,개발/운영,비서브,N,,accel,,,,31.0,吉川延宏,Y,"Jaleco catalog titles, Strikers 1945 (ZeroDiv), City Connection (classic)","2005년 4월 설립된 도쿄 소재 게임 개발·판매사. 구 잘레코(Jaleco)의 IP를 보유하고 있으며, 사이쿄(彩京) 슈팅 게임 등을 서브 브랜드 ZeroDiv를 통해 재출시하는 것으로 유명하다. 직원 31명이며 더블엘(doubleL)이 51% 주주이다.","레트로 게임 IP의 디지털 재출시에 강점을 가지며, 잘레코·사이쿄 등 복수의 클래식 브랜드를 관리한다.","신규 IP 창출보다 레거시 IP 재활용 중심으로 성장 여력이 제한적이며, 규모가 작다.",株式会社ダブルエル 51% 대주주,엑셀레이션 파트너 후보 스튜디오. PC/Console 플랫폼 개발 역량,short,설립: 2005년
139.0,Shift Inc.,シフト,일본,개발/운영,비서브,N,,accel,,,,,杉山雄一,N,"GOD EATER, GOD EATER 2 Rage Burst, CODE VEIN","1996년 게이오대학 SFC 학생들이 팀으로 발족, 1999년 법인화한 가나가와현 후지사와시 소재 게임 개발사. 소니·반다이남코 등 대형 퍼블리셔와 협업하여 GOD EATER, CODE VEIN 등을 개발하였다. 현재 자본금 300만 엔 규모이다.","헌팅 액션 RPG 장르에 강점을 지니며, GOD EATER 시리즈로 누적 500만 장 이상의 판매 실적을 보유한다.","소니·반다이남코 등 특정 클라이언트 의존도가 높고, 독자적인 퍼블리싱 역량이 약하다.",미공개 (독립 법인),엑셀레이션 파트너 후보 스튜디오. 수탁 개발 실적 있어 협업 기반 있음. PC/Console 플랫폼 개발 역량,short,설립: 1996년
140.0,"genDESIGN Co., Ltd.",ジェン･デザイン,일본,개발/운영,비서브,N,,accel,,,,37.0,上田文人,Y,The Last Guardian (人喰いの大鷲トリコ),2014년 ICO·완다와 거상을 제작한 팀 이코(Team Ico) 출신 멤버들이 설립한 도쿄 고토구 소재 게임 개발사. 인간과 동물의 유대를 주제로 한 감성적인 게임으로 세계적으로 높은 평가를 받는다. Epic Games와 공동 차기작 개발 중이다.,상田文人의 세계적인 명성과 독창적인 아트·게임 디자인 철학으로 글로벌 최고 수준의 크리에이티브 스튜디오로 인정받는다.,"프로젝트 사이클이 매우 길어 수익 창출까지 시간이 걸리며, 소규모 스튜디오로 운영 리스크가 있다.",미공개 (Epic Games와 차기작 공동 펀딩),엑셀레이션 파트너 후보 스튜디오. PC/Console 플랫폼 개발 역량,short,설립: 2014년
141.0,GENIUS SONORITY INC.,ジニアス･ソノリティ,일본,개발/운영,비서브,N,,accel,,,,20.0,山名学,N,"Pokémon Colosseum, Pokémon XD: Gale of Darkness, Denpa Ningen no RPG","2002년 6월 드래곤 퀘스트 시리즈 프로그래머 출신 山名学가 설립한 도쿄 소재 게임 개발사. 포켓몬 컴퍼니 의뢰로 포켓몬 콜로세움 개발을 위해 설립되었으며, 임원으로 닌텐도와 포켓몬 컴퍼니가 주주이다. 직원 20명, 자본금 1억 엔.",포켓몬 컴퍼니·닌텐도와의 긴밀한 주주 관계로 포켓몬 관련 게임 개발에서 안정적인 수주를 기대할 수 있다.,"포켓몬 IP에 사실상 종속되어 있어 사업 다각화가 제한적이며, 소규모 인력으로 대형 프로젝트 수용에 한계가 있다.",任天堂、株式会社ポケモン が株主,엑셀레이션 파트너 후보 스튜디오. 수탁 개발 실적 있어 협업 기반 있음. PC/Console 플랫폼 개발 역량,short,설립: 2002년
142.0,Jupiter Corporation,ジュピター,일본,개발/운영,비서브,N,,accel,,,,52.0,倉満昭博,Y,"Picross S series, The World Ends With You (Switch port), Mario\","1992년 6월 인텔리전트 시스템즈 출신 中山誠이 설립한 교토 후시미구 소재 게임 개발사. 피크로스(Picross) 시리즈와 세계는 내 손으로(TWEWY) 포트를 담당하며 닌텐도·스퀘어에닉스 등과 협업한다. 직원 52명, 자본금 6000만 엔.",피크로스 시리즈를 닌텐도 스위치에서 꾸준히 성공시키며 안정적인 수익 기반을 보유한다. 닌텐도와 장기 협업 관계가 확고하다.,"피크로스 단일 시리즈 의존도가 높으며, 신규 IP 히트작을 내지 못하고 있다.",미공개 (독립 법인),엑셀레이션 파트너 후보 스튜디오. 수탁 개발 실적 있어 협업 기반 있음. PC/Console 플랫폼 개발 역량,short,설립: 1992년
143.0,"SIEG GAMES CO., LTD.",ジークゲームズ,일본,개발/운영,비서브,N,,accel,,,,,宮路洋一,Y,Loop8: Summer of Gods,"2014년 12월 게임아츠(GameArts) 전 CEO인 宮路洋一이 도쿄 다이토구에 설립한 게임 개발사. 루나(Lunar)·그란디아(Grandia) 시리즈 제작자가 이끌며, Loop8: Summer of Gods를 마벨러스와 공동 출시하였다.",宮路洋一의 RPG 장르에서의 풍부한 개발 경험과 글로벌 팬층이 강점이다.,Loop8가 평론가·판매 양면에서 기대 이하의 성과를 거둬 향후 독자 IP 방향성이 불확실하다.,미공개,엑셀레이션 파트너 후보 스튜디오. PC/Console 플랫폼 개발 역량,short,설립: 2014년
144.0,"G-STYLE Co., Ltd.",ジースタイル,일본,개발/운영,비서브,N,,accel,,,,62.0,,N,"모모타로 덴테츠 모션 지원, Street Fighter 모션 지원","2000년 설립된 홋카이도 삿포로시 소재 게임·영화 3DCG 제작사. 삿포로 본사와 아키타 지사를 운영하며, 콘솔·스마트폰·아케이드 게임의 캐릭터·배경·이펙트·모션 제작에 특화되어 있다. 직원 약 62명.",코나미·카프콤·스파이크청소프트 등 대형 퍼블리셔에 2D·3D 그래픽 및 모션 제작 서비스를 제공하며 안정적인 수탁 실적을 보유한다.,"대표자 정보가 공개되지 않으며, 자체 IP가 없는 순수 수탁 개발사로 클라이언트 의존도가 절대적이다.",미공개,엑셀레이션 파트너 후보 스튜디오. 수탁 개발 실적 있어 협업 기반 있음. PC/Console 플랫폼 개발 역량,short,설립: 2000년
145.0,STUDIO SLEDGEHAMMER Inc.,スタジオスレッジハンマー,일본,개발/운영,비서브,N,,accel,,,,10.0,澁谷康宏,Y,"Detective Pikachu Returns (지원), Palworld (지원)","2018년 설립된 소규모 게임 개발사. 닌텐도·크리처스(Creatures Inc.) 등을 클라이언트로 두고 있으며, 명탐정 피카츄 리턴즈 및 팰월드(Palworld) 지원 개발에 참여한 것으로 알려진다. 직원 10명.",포켓몬 관련 프로젝트 참여 경험으로 닌텐도 생태계 내에서의 신뢰도를 갖고 있다.,"직원 10명의 초소형 스튜디오로 대규모 프로젝트 수용 역량이 제한적이며, 자본금 등 재무 정보가 비공개이다.",미공개,엑셀레이션 파트너 후보 스튜디오. 수탁 개발 실적 있어 협업 기반 있음. PC/Console 플랫폼 개발 역량,short,설립: 2018년
146.0,Smile Axe Inc.,スマイルアクス,일본,개발/운영,서브,N,,accel,,,,48.0,宗宮秀之,Y,"Rune Factory 5 (지원), various Marvelous titles","2009년 5월 도쿄 신주쿠구에 설립된 게임 개발사. 마벨러스(Marvelous) 등을 주요 클라이언트로 하며, 루네 팩토리(Rune Factory) 5 지원 개발 등을 담당하였다. 직원 48명, 자본금 1800만 엔.",게임 소프트웨어 개발부터 파친코 LCD 제어·CG 영상 제작까지 폭넓은 서비스를 제공하며 다양한 클라이언트를 보유한다.,"마벨러스 등 특정 클라이언트 의존도가 높고, 독자 IP 개발 실적이 없다.",미공개 (독립 법인),엑셀레이션 파트너 후보 스튜디오. 수탁 개발 실적 있어 협업 기반 있음. All 플랫폼 개발 역량,short,설립: 2009년
147.0,TAMSOFT CORPORATION,タムソフト,일본,개발/운영,서브,N,,accel,,,,119.0,小倉航,Y,"Senran Kagura series, BLEACH: Rebirth of Souls","1992년 6월 도쿄 다이토구 아사쿠사에 설립된 게임 개발사. 섬란 카구라(Senran Kagura) 시리즈와 BLEACH: Rebirth of Souls 개발로 유명하며, 마벨러스·반다이남코를 주요 클라이언트로 한다. 2025년 1월 小倉航이 대표취체역으로 취임하였다.","격투·액션 게임 장르에 강점을 가지며, 반다이남코·마벨러스 등 복수 대형 퍼블리셔와 안정적인 협업 관계를 보유한다.",섬란 카구라 등 틈새 장르 비중이 높아 브랜드 이미지가 특정 고객층에 한정된다.,미공개 (독립 법인),엑셀레이션 파트너 후보 스튜디오. 수탁 개발 실적 있어 협업 기반 있음. PC/Console 플랫폼 개발 역량,short,설립: 1992년
148.0,Techcross Inc.,テクロス,일본,개발/운영,서브,N,,accel,,3.69,,150.0,辻拓也,Y,"Kamihime PROJECT, Ayakashi Rumble!, Rezzle!","2009년 1월 도쿄 치요다구에 설립된 브라우저·PC 게임 개발 및 운영사. 신기 PROJECT(Kamihime PROJECT), 아야카시 럼블!(Ayakashi Rumble!) 등 오리지널 IP를 자체 개발·운영한다. 직원 약 150명, 연매출 약 36.9억 엔(2024년 1월 기준).",오리지널 IP를 다수 보유하며 자체 운영 플랫폼으로 안정적인 수익을 창출한다. \,"브라우저·PC 소셜 게임 시장 자체가 축소 추세이며, 스마트폰·콘솔 시장 전환이 과제이다.",테크로스홀딩스(Techcross Holdings) 자회사,엑셀레이션 파트너 후보 스튜디오. Browser 플랫폼 개발 역량,short,설립: 2009년
149.0,D.H Inc.,ディッジ,일본,개발/운영,비서브,N,,accel,,,,133.0,柳明宏,Y,"FF7 Remake (CG), Mario & Luigi: Brothership (CG), various Nintendo/SE titles","2006년 3월 치바현 마쓰도시에 설립된 CG 제작 전문사. FF7 리메이크, 마리오&루이지 브라더십 등 닌텐도·스퀘어에닉스·반다이남코의 대형 타이틀 CG 제작을 담당하며, 직원 약 133명(2022년)이다.",닌텐도·스퀘어에닉스·반다이남코 등 최상위 퍼블리셔의 CG 제작을 안정적으로 수탁하며 기술력과 신뢰도가 높다.,"순수 CG 외주 제작사로 자체 IP가 없으며, 매출 정보가 비공개이다.",미공개 (독립 법인),엑셀레이션 파트너 후보 스튜디오. 수탁 개발 실적 있어 협업 기반 있음. All 플랫폼 개발 역량,short,설립: 2006년
150.0,DeskWorks Inc.,デスクワークス,일본,개발/운영,비서브,N,,accel,,,,10.0,藤井知晴,Y,RPG Time: The Legend of Wright,"2019년 오사카시에 설립된 초소형 인디 게임 개발사. 대표작 RPG타임! ~라이트의 전설~(RPG Time: The Legend of Wright)이 BAFTA, BitSummit 최우수상 등 다수 수상하며 세계적으로 주목받았다. 직원 10명, 자본금 300만 엔.",손으로 그린 노트 스타일의 독창적인 비주얼과 게임성으로 세계 주요 어워드를 석권하며 인디 씬의 주목을 받는다.,"단일 타이틀만 출시한 극소규모 스튜디오로, 차기작 개발 및 수익 창출 능력이 검증되지 않았다.",미공개 (독립 법인),엑셀레이션 파트너 후보 스튜디오. PC/Console 플랫폼 개발 역량,short,설립: 2019년
151.0,Toydium Inc.,トイジアム,일본,개발/운영,비서브,N,,accel,,,,28.0,長野雄大,Y,NOROI KAGO: Gegege no Yoru,2019년 설립된 도쿄 소재 게임·앱 개발사. 공포 협동 서바이벌 게임 NOROI KAGO(노로이카고)를 개발하였다. 2024년 8월 ABCアニメーション에 완전 자회사로 편입되었다. 직원 약 28명.,"공포 코옵 장르에서 독창적인 IP를 보유하며, ABCアニメーション 모그룹을 통해 애니메이션-게임 융합 콘텐츠 개발이 가능하다.","ABCアニメーション 자회사 편입으로 독립성이 낮아졌으며, 소규모 인력으로 지속적인 신작 개발이 어렵다.",株式会社ABCアニメーション 100% 자회사 (2024년 편입),엑셀레이션 파트너 후보 스튜디오. All 플랫폼 개발 역량,short,설립: 2019년
152.0,Toydea Inc.,トイディア,일본,개발/운영,비서브,N,,accel,,,,,松田崇志,Y,"DragonFang, Pokémon Mystery Dungeon: Rescue Team DX (공동 개발)","2012년 도쿄 치요다구에 설립된 게임 개발사. 드래곤팡(DragonFang) 시리즈를 개발하였으며, 스파이크청소프트와 협업하여 포켓몬 불가사의 던전: 구조대DX 개발에 참여하였다. 자본금 500만 엔.","로그라이크 RPG 장르에 전문성을 보유하며, 포켓몬 관련 타이틀 참여로 닌텐도 생태계 내 신뢰도를 쌓았다.","소규모 인력에 매출 정보가 비공개이며, 드래곤팡 이후 독자 히트작을 내지 못하고 있다.",미공개 (독립 법인),엑셀레이션 파트너 후보 스튜디오. All 플랫폼 개발 역량,short,설립: 2012년
153.0,TOYBOX Inc.,トイボックス,일본,개발/운영,비서브,N,,accel,,,,,,Y,Deadly Premonition,2011년 설립. PC/Console 개발 전문,자체 IP 개발 경험,,,엑셀레이션 파트너 후보 스튜디오. PC/Console 플랫폼 개발 역량,short,설립: 2011년
154.0,"TOM CREATE CO., LTD.",トムクリエイト,일본,개발/운영,비서브,N,,accel,,,,50.0,武藤仁,Y,"SD Gundam G Generation series, SD Gundam G Generation Genesis","1989년 10월 도쿄 기타구에 설립된 게임 개발사. SD건담 G제너레이션(G Generation) 시리즈를 장기 개발하며 반다이남코와의 협업 관계가 깊다. 직원 50명 이상, 자본금 3000만 엔.",SD건담 G제너레이션 시리즈를 수십 년간 안정적으로 개발하며 반다이남코와의 견고한 협업 관계를 유지한다.,"SD건담 시리즈에 사실상 특화되어 있어 사업 다각화가 제한적이며, 시리즈 매출에 전적으로 의존한다.",미공개 (독립 법인),엑셀레이션 파트너 후보 스튜디오. 수탁 개발 실적 있어 협업 기반 있음. All 플랫폼 개발 역량,short,설립: 1989년
155.0,TriangleService,有限会社 トライアングル･サービス,일본,개발/운영,비서브,N,,accel,,,,,藤野俊昭,Y,"XII Stag, Exzeal, Trizeal","2002년 설립된 도쿄 신주쿠구 소재 소규모 슈팅 게임 전문 개발사. 아케이드 및 가정용 슈팅 게임에 특화되어 있으며, 사운드·캐릭터 디자인 이외 거의 모든 개발을 藤野俊昭 대표 혼자 담당하는 것으로 알려진다.","소규모이지만 슈팅 게임 마니아에게 높은 인지도를 보유하며, 개인 제작의 독자적인 스타일을 유지한다.",사실상 개인 스튜디오 수준으로 사업 연속성과 신작 개발 역량이 극히 제한적이다.,미공개 (유한회사),엑셀레이션 파트너 후보 스튜디오. PC/Console 플랫폼 개발 역량,short,설립: 2002년
156.0,"Torisan Co., Ltd.",トリサン,일본,개발/운영,비서브,N,,accel,,,,50.0,鳥山進,Y,"Pokémon Scarlet/Violet (지원), Pokémon LEGENDS Z-A (지원)","2008년 3월 도쿄 치요다구에 설립된 디지털 엔터테인먼트 제작사. 포켓몬 스칼렛·바이올렛 및 포켓몬 레전즈 Z-A 등 포켓몬 시리즈 개발 지원으로 유명하며, 게임 프레이크·닌텐도와 긴밀한 협업 관계를 갖는다. 직원 50명, 자본금 1000만 엔.","포켓몬 시리즈 핵심 개발 지원사로서 게임 프레이크·닌텐도와의 신뢰 관계가 공고하며, CG·VR 등 다양한 분야 역량도 보유한다.","포켓몬 시리즈 의존도가 높아 수주 변동 시 리스크가 크며, 자체 IP 개발 실적이 없다.",미공개 (독립 법인),엑셀레이션 파트너 후보 스튜디오. 수탁 개발 실적 있어 협업 기반 있음. PC/Console 플랫폼 개발 역량,short,설립: 2008년
157.0,"NOW PRODUCTION Co., Ltd.",ナウプロダクション,일본,개발/운영,비서브,N,,accel,,1.93,,97.0,粟村敏明,N,"Pac-Man (series support), パチンコ液晶映像制作","1986년 설립된 오사카 기반의 중견 게임 개발사로, 팩맨 시리즈 등 반다이남코·세가 등 대형 퍼블리셔와의 수탁 개발이 주력이다. 콘솔, 파친코·슬롯 영상, 사운드 제작 등 다양한 분야에 걸친 멀티 사업 구조를 보유하고 있다.","40년 가까운 업력과 폭넓은 클라이언트 기반으로 안정적인 수익 구조를 갖추며, 사운드·에듀테인먼트 등 복수의 수익원을 보유하고 있다.","매출 구조가 파친코·슬롯 영상 제작 의존도가 높아 규제 리스크에 노출될 수 있으며, 자체 IP 창출력이 약한 편이다.",,엑셀레이션 파트너 후보 스튜디오. 수탁 개발 실적 있어 협업 기반 있음. PC/Console 플랫폼 개발 역량,short,설립: 1986년
158.0,"NEURON･AGE CO.,LTD.",ニューロン･エイジ,일본,개발/운영,비서브,N,,accel,,0.08,,105.0,石塚昌博,Y,"Elden Ring (2D art), Dragon\","1999년 설립된 오사카 기반의 아트·CG 전문 수탁 개발사로, 엘든링 2D 아트, 드래곤즈 도그마 II, 몬스터 헌터 등 대형 타이틀에 참여하며 업계 인지도를 높였다. 오사카 본사·도쿄 영업소 체제로 운영된다.",프롬소프트웨어·캡콤·닌텐도 등 최상위 퍼블리셔를 클라이언트로 보유하고 있어 포트폴리오 품질과 수주 안정성이 높다.,"매출 정보는 2018년 기준 약 8억 엔으로 최신성이 부족하며, 아트 수탁 위주여서 이익률이 낮을 수 있다.",,엑셀레이션 파트너 후보 스튜디오. 수탁 개발 실적 있어 협업 기반 있음. All 플랫폼 개발 역량,short,설립: 2009년
159.0,Neconome,ネコノメ,일본,개발/운영,비서브,N,,accel,,,,6.0,工藤ショーン,Y,メソロギア (Mesologia),"2024년 1월 설립된 신생 모바일 게임 스타트업으로, 1판 3분의 심리전 카드 게임 \","가벼운 플레이 타임을 겨냥한 독창적인 게임 디자인으로 누적 20만 다운로드를 달성했으며, VC 자금 조달로 성장 기반을 확보했다.","설립 1년여의 초기 스타트업으로 매출·수익 기반이 취약하고, 소규모 인력(6명)에 따른 실행력 한계가 존재한다.","East Ventures, iFund, ANOBAKA (시드 투자)",엑셀레이션 파트너 후보 스튜디오. Mobile 플랫폼 개발 역량,short,설립: 2024년
160.0,"Bullets Co.,Ltd.",バレット,일본,개발/운영,비서브,N,,accel,,,,43.0,岩佐俊和,Y,"SaGa Frontier Remastered, Story of Seasons: Friends of Mineral Town (remake)","2004년 설립된 오사카 기반의 콘솔·모바일 게임 수탁 개발사로, 사가 프론티어 리마스터, 스토리 오브 시즌즈 리메이크 등 스퀘어에닉스·마블러스의 리마스터 프로젝트에 다수 참여했다.",리마스터·리메이크 전문성이 높아 IP 재활성화 수요가 지속되는 시장 환경에서 안정적인 수주가 기대된다.,"자체 IP 부재, 매출 비공개로 재무 건전성 파악이 어려우며 특정 클라이언트 의존도가 높을 수 있다.",,엑셀레이션 파트너 후보 스튜디오. 수탁 개발 실적 있어 협업 기반 있음. All 플랫폼 개발 역량,short,설립: 2004년
161.0,historia Inc.,ヒストリア,일본,개발/운영,비서브,N,,accel,,,,103.0,佐々木瞬,Y,"LIVE A LIVE HD-2D Remake, Dragon Quest XI (UE4 support)","2013년 설립된 언리얼 엔진 전문 수탁 개발사로, LIVE A LIVE HD-2D 리메이크와 드래곤 퀘스트 XI UE4 대응 등 스퀘어에닉스의 핵심 프로젝트를 담당했다. 도쿄 고탄다에 본사를 둔다.","언리얼 엔진 특화 전문성으로 국내외 대형 타이틀 참여 이력이 풍부하며, 100명 규모의 인력으로 중대형 프로젝트 수행이 가능하다.","매출 비공개이며, 언리얼 엔진 의존 구조로 엔진 생태계 변화나 에픽게임즈 정책에 영향을 받을 수 있다.",,엑셀레이션 파트너 후보 스튜디오. 수탁 개발 실적 있어 협업 기반 있음. All 플랫폼 개발 역량,short,설립: 2013년
162.0,"bee tribe co., ltd.",ビー･トライブ,일본,개발/운영,비서브,N,,accel,,,,73.0,高橋龍太,N,"NieR:Automata (support), Resident Evil 4 Remake (support)","2009년 설립된 게임 개발·CG 제작사로, 니어 오토마타 지원, 바이오하자드 RE:4 리메이크 지원 등 플래티넘게임즈·캡콤·닌텐도 등의 파트너 스튜디오로 활동하고 있다.","최상위 퍼블리셔 다수와 지속적 협업 관계를 구축하여 수주 안정성이 높으며, 콘솔·모바일 양 영역에서 대응 가능하다.",자본금이 10만 엔으로 매우 낮고 매출이 공개되지 않아 재무 투명성이 부족하다.,,엑셀레이션 파트너 후보 스튜디오. 수탁 개발 실적 있어 협업 기반 있음. PC/Console 플랫폼 개발 역량,short,설립: 2009년
163.0,PittCompany Inc.,ピットカンパニー,일본,개발/운영,비서브,N,,accel,,,,41.0,影山公一,N,"Death Stranding 2 (environment art), Tales of Arise (art support)","2014년 설립된 도쿄 기반의 게임 아트·환경 미술 전문 수탁 개발사로, 데스 스트랜딩 2 환경 아트와 테일즈 오브 어라이즈 등 코지마 프로덕션·반다이남코 타이틀에 참여했다.","환경 아트 분야 특화 역량으로 AAA급 타이틀 참여 이력이 우수하며, 코지마 프로덕션 같은 크리에이티브 명가와의 협업이 브랜드 가치를 높인다.","소규모(41명) 스튜디오로 대규모 프로젝트 단독 수행 능력이 제한적이며, 매출 비공개로 재무 상황 파악이 어렵다.",,엑셀레이션 파트너 후보 스튜디오. 수탁 개발 실적 있어 협업 기반 있음. PC/Console 플랫폼 개발 역량,short,설립: 2014년
164.0,FUN Corporation,ファンコーポレーション,일본,개발/운영,비서브,N,,accel,,,,16.0,,Y,Custom Robo: Battle Revolution,"2000년 세가 출신 스태프가 설립하여 2022년 현 상호로 변경된 소형 개발사로, 닌텐도 타이틀인 커스텀 로보 배틀 레볼루션 등의 개발 실적을 보유하고 있다. 캐릭터 라이선스 및 푸드테크 사업도 병행한다.","닌텐도와의 협업 이력 등 희소한 개발 레퍼런스를 보유하고 있으며, 다각화된 사업 포트폴리오로 리스크를 분산한다.","직원 16명의 소규모로 사업 규모 확장에 한계가 있으며, 대표이사명과 자본금이 공개되지 않아 정보 투명성이 낮다.",,엑셀레이션 파트너 후보 스튜디오. 수탁 개발 실적 있어 협업 기반 있음. PC/Console 플랫폼 개발 역량,short,설립: 2000년
165.0,"PLANETA Co.,Ltd.",プラネッタ,일본,개발/운영,비서브,N,,accel,,,,23.0,箱崎秀明,Y,"Pokémon TCG (artwork), Little Town Hero (3D maps)","2011년 설립(도쿄 하마마쓰초 소재)된 3DCG·일러스트 제작 전문사로, 포켓몬 TCG 아트워크와 리틀 타운 히어로 3D맵 제작 등 게임 프레이크·포켓몬 컴퍼니와 협업하고 있다.",포켓몬스터 관련 아트워크 제작 실적이 있어 안정적인 고부가가치 IP 수주 기반을 보유하고 있다.,"23명의 소규모 스튜디오로 매출 비공개, 특정 클라이언트 집중도가 높아 리스크 분산이 과제다.",,엑셀레이션 파트너 후보 스튜디오. 수탁 개발 실적 있어 협업 기반 있음. PC/Console 플랫폼 개발 역량,short,설립: 2010년
166.0,"PREAPP PARTNERS Co., Ltd.",プリアップパートナーズ,일본,개발/운영,비서브,N,,accel,,,,41.0,片桐芳彦,Y,"Shachibato! Start as a Legend (mobile), Persona 5 Tactica (port support)","2013년 설립된 요코하마 기반 모바일·콘솔 게임 수탁 개발사로, 시바타토! 모바일과 페르소나 5 타티카 포팅 등 세가/아틀러스·카도카와 계열 타이틀에 참여했다.","E커머스·쿨재팬 등 게임 외 사업도 전개하여 수익 다각화를 도모하고 있으며, 아틀러스 타이틀 포팅 실적이 전문성을 입증한다.","41명 규모로 사업 확장에 한계가 있고, 매출 비공개로 수익성 확인이 어렵다.",,엑셀레이션 파트너 후보 스튜디오. 수탁 개발 실적 있어 협업 기반 있음. All 플랫폼 개발 역량,short,설립: 2013년
167.0,"Millennium Kitchen Co.,Ltd.",ミレニアムキッチン,일본,개발/운영,비서브,N,,accel,,,,5.0,綾部和,Y,"ぼくのなつやすみ (series), なつもん! 20世紀の夏休み","1997년 설립된 도쿄 이케부쿠로 소재의 소형 기획·개발사로, \",대표이자 크리에이터인 아야베 카즈의 독자적 게임 디자인 철학으로 팬층이 두터운 희소한 IP를 보유하고 있다.,"직원 5명의 초소형 스튜디오로 매출 비공개, 대표 1인 의존도가 매우 높아 후계·확장 리스크가 크다.",,엑셀레이션 파트너 후보 스튜디오. PC/Console 플랫폼 개발 역량,short,설립: 1997년
168.0,Moonshot Inc.,ムーンショット,일본,개발/운영,비서브,N,,accel,,,,,"森勇治, 髙橋北斗",N,"Million Arthur (series), Grisaia: Chronos Rebellion","2020년 설립된 스마트폰·멀티플랫폼 게임 기획·개발·운영사로, \",전직 테크로스 출신 엔지니어 창업자들이 이끄는 기술력 있는 팀으로 스퀘어에닉스와의 협업 실적이 있다.,설립 5년 차의 신생사로 자본금·매출·종업원 수 등 재무·인사 정보가 전혀 공개되지 않아 사업 건전성 판단이 어렵다.,,엑셀레이션 파트너 후보 스튜디오. 수탁 개발 실적 있어 협업 기반 있음. All 플랫폼 개발 역량,short,설립: 2020년
169.0,Meteorise Inc.,メテオライズ,일본,개발/운영,서브,N,,accel,,0.08,,100.0,渡邉幸二,Y,"Dragon Ball: The Breakers, Fitness Boxing: Fist of the North Star","2010년 설립된 도쿄 치요다구 소재의 게임 개발사로, 드래곤볼 더 브레이커스, 피트니스 복싱 북두의 권 등 반다이남코·코에이테크모·마블러스 등의 수탁 개발을 담당하며 성장했다.","M&A를 통해 자회사를 확보하는 등 적극적인 성장 전략을 추진하며, 다양한 장르의 수탁 개발 역량을 갖추고 있다.","매출 약 8억 엔 규모로 중소형사 수준에 머물며, M&A 전략 실행에 따른 재무 리스크가 내재된다.",,엑셀레이션 파트너 후보 스튜디오. 수탁 개발 실적 있어 협업 기반 있음. PC/Console 플랫폼 개발 역량,short,설립: 2010년
170.0,METRO CORPORATION,メトロ,일본,개발/운영,서브,N,,accel,,3.86,,180.0,矢田恒成,Y,"Bust a Groove, THE IDOLM@STER (arcade), Cygames titles (support)","1987년 오사카에서 설립된 오락실·콘솔·모바일 게임 개발사 겸 오락 시설 운영사로, 버스트 어 그루브, 아이돌마스터 아케이드 등의 개발 이력과 사이게임즈와의 협업 실적을 보유한다.","아케이드 게임 개발과 오락 시설 운영을 겸비하여 하드웨어·소프트웨어 시너지가 가능하며, 약 39억 엔의 매출로 안정적인 규모를 갖추고 있다.","2024년 신임 CEO 취임 등 경영진 교체가 있었고, 오락실 산업 축소 트렌드에서 수익 다각화가 과제다.",,엑셀레이션 파트너 후보 스튜디오. 수탁 개발 실적 있어 협업 기반 있음. PC/Console 플랫폼 개발 역량,short,설립: 1987년
172.0,"MOSS Co., Ltd.",モス,일본,개발/운영,비서브,N,,accel,,,,67.0,,Y,Raiden series,1993년 설립. 중형 스튜디오(50~150명). PC/Console 개발 전문,자체 IP 개발 경험,,,엑셀레이션 파트너 후보 스튜디오. PC/Console 플랫폼 개발 역량,short,설립: 1993년
173.0,Monochrome,モノクロ,일본,개발/운영,비서브,N,,accel,,,,43.0,出口智彦,Y,"Grand Kingdom, Grand Knights History (precursor)","2011년 바닐라웨어 출신 스태프가 설립한 개발사로, 스파이크 천소프트 퍼블리싱의 전략 RPG \","바닐라웨어 DNA를 잇는 독창적인 아트 스타일과 전략 RPG 개발 역량을 보유하며, 아니플렉스 등 강력한 IP 파트너와 협업 중이다.","자본금 200만 엔의 취약한 재무 기반과 매출 비공개가 리스크이며, 소수 인원(43명)으로 대규모 프로젝트 수행이 제한된다.",,엑셀레이션 파트너 후보 스튜디오. 수탁 개발 실적 있어 협업 기반 있음. All 플랫폼 개발 역량,short,설립: 2011년
174.0,"Monkeycraft Co., Ltd.",モンキークラフト,일본,개발/운영,비서브,N,,accel,,,,41.0,藤田雅人,Y,"Katamari Damacy Reroll, Klonoa Phantasy Reverie Series","2012년 오사카에 설립된 콘솔·모바일 게임 수탁 개발사로, 카타마리 다마시 앙코르, 클로노아 판타지 리버리 시리즈 등 반다이남코의 클래식 IP 리마스터 프로젝트를 담당해왔다.","반다이남코와의 오랜 협업을 통해 클래식 IP 리마스터 전문성을 축적했으며, 모바일과 콘솔 모두 대응 가능한 개발 역량을 보유하고 있다.","자본금 200만 엔의 소규모 재무 기반에 매출 비공개, 특정 클라이언트 의존도가 높은 구조다.",,엑셀레이션 파트너 후보 스튜디오. 수탁 개발 실적 있어 협업 기반 있음. PC/Console 플랫폼 개발 역량,short,설립: 2012년
175.0,"Racjin Co., Ltd.",ラクジン,일본,개발/운영,비서브,N,,accel,,,,176.0,中野哲雄,Y,"Snowboard Kids (series), Mario & Sonic at the Olympic Games Tokyo 2020 Arcade Edition","1995년 오사카에 설립된 중견 게임·파친코 개발사로, 스노보드 키즈 시리즈, 마리오&소닉 도쿄 2020 아케이드 등 닌텐도·세가·반다이남코 등의 수탁 개발 이력을 보유한다.",176명의 인력 규모와 콘솔·아케이드·파친코·소셜게임 등 멀티 플랫폼 개발 역량으로 안정적인 수주 기반을 갖추고 있다.,"매출 정보가 공개되지 않으며, 파친코 규제 리스크와 대형 퍼블리셔 의존 구조가 리스크 요인이다.",,엑셀레이션 파트너 후보 스튜디오. 수탁 개발 실적 있어 협업 기반 있음. PC/Console 플랫폼 개발 역량,short,설립: 1995년
176.0,"Land Ho Co.,Ltd.",ランド･ホー,일본,개발/운영,서브,N,,accel,,1.29,,108.0,塚本昌信,Y,"Just Dance (port/support), Derby Stallion (series)","1999년 세가 출신이 설립하여 2024년 9월 Orchestra Holdings에 64억 엔에 인수된 게임 개발사로, 저스트 댄스, 더비 스탤리언 등 유비소프트·반다이남코 타이틀의 수탁 개발을 담당한다.",Orchestra Holdings의 완전 자회사로 편입되어 그룹 시너지와 메타버스·DX 지원 영역에서의 성장 기회를 보유한다.,"2024년 5월기 영업손실 1억9900만 엔, 순손실 3억800만 엔의 적자를 기록했으며, 모회사 전략에 대한 의존도가 심화되고 있다.","Orchestra Holdings 완전 자회사 (2024년 9월 인수, 6.4억 엔)",엑셀레이션 파트너 후보 스튜디오. 수탁 개발 실적 있어 협업 기반 있음. All 플랫폼 개발 역량,short,설립: 1999년
177.0,RIZ Inc.,リズ,일본,개발/운영,비서브,N,,accel,,,,66.0,磯野孝,Y,"Metaphor: ReFantazio (support), Dragon Ball FighterZ (support)","1998년 세가 AM2연구소 출신 6명이 설립한 도쿄 나카노 소재의 게임 개발·3D 애니메이션 제작사로, 메타포: 리판타지오 지원, 드래곤볼 파이터즈 지원 등 아틀러스·반다이남코 타이틀에 참여했다.","세가 AM2 DNA를 보유한 기술력 있는 팀으로, 아틀러스·반다이남코·닌텐도 등 복수의 최상위 클라이언트와 협업하는 높은 신뢰도를 가진다.","매출 비공개로 재무 파악이 어려우며, 수탁 개발 위주 구조에서 자체 IP 부재가 장기 성장의 한계 요인이다.",,엑셀레이션 파트너 후보 스튜디오. 수탁 개발 실적 있어 협업 기반 있음. PC/Console 플랫폼 개발 역량,short,설립: 1998년
178.0,Red Entertainment Corporation,レッド・エンタテインメント,일본,개발/운영,비서브,N,,accel,,,,33.0,大泉秀治,Y,"Sakura Wars (series), Tengai Makyou (series)","1985년(전신 레드 컴퍼니, 1976년 창업)에 기원을 두는 도쿄 다이토구 소재의 게임 기획·제작사로, 사쿠라 대전 시리즈, 텐가이 마쿄 등 세가·허드슨/코나미와의 대표적인 IP를 보유하고 있다.","사쿠라 대전 등 강력한 팬덤을 보유한 자체 IP를 다수 보유하며, 게임 소프트와 애니메이션 캐릭터 콘텐츠 양면에서 수익화가 가능하다.","직원 33명 규모로 소형이며, 주력 IP의 신작 출시 빈도가 낮아 수익 연속성에 불확실성이 있다.",,엑셀레이션 파트너 후보 스튜디오. PC/Console 플랫폼 개발 역량,short,설립: 1985년
179.0,"Oriflam Co., Ltd.",オリフラム,일본,개발/운영,비서브,N,,accel,,,,3.0,池田隆児,Y,"World War Seven (mobile), カオスセンチュリオン","2014년 설립된 도쿄 소재의 소형 모바일 게임 개발사로, 킹덤하츠·디시디아 파이널 판타지 등에 참여한 베테랑 크리에이터들이 모였으나 2022년 이후 공식 사이트 접속 불가 등 활동 정지 가능성이 제기된다.",스퀘어에닉스 계열 대형 IP 경험을 가진 고급 크리에이터 멤버로 출발해 사이버에이전트 캐피탈·코로플라 등으로부터 투자를 유치했다.,"2022년 이후 사이트 접속 불가 상태로 사실상 활동 정지 가능성이 높으며, 극소 규모에 자본금·매출 모두 미공개다.","CyberAgent Ventures, Colopl (투자사)",엑셀레이션 파트너 후보 스튜디오. Mobile 플랫폼 개발 역량,short,설립: 2014년
180.0,"Dank Hearts Co., Ltd.",ダンクハーツ,일본,개발/운영,비서브,N,,accel,,0.64,,83.0,大原正,Y,"キセキの反乱 (Kiseki no Rebellion), ヒーローズパーク","2005년 설립된 소셜게임 기획·제작·운영사로 VTuber 프로덕션도 겸하며, \",소셜게임과 VTuber 프로덕션을 결합한 복합 엔터테인먼트 사업 모델로 수익원을 다각화하고 있다.,매출이 2022년 87억 엔에서 2023년 64억 엔으로 감소하는 등 하락 추세가 지속되고 있어 수익성 개선이 과제다.,,엑셀레이션 파트너 후보 스튜디오. 수탁 개발 실적 있어 협업 기반 있음. All 플랫폼 개발 역량,short,설립: 2005년
181.0,PortalKey Inc.,PortalKey,일본,개발/운영,비서브,N,,accel,,,,3.0,倉田大光,Y,ECHOLOCAUTION,"2023년 5월 설립된 신생 소형 게임 퍼블리셔·개발사로, 닌텐도 스위치판 ECHOLOCAUTION을 퍼블리싱했다. 소규모 인디 게임 시장을 대상으로 하는 신생 사업자다.",인디 게임 퍼블리싱 분야에서 닌텐도 스위치 플랫폼 접근성을 확보하고 있어 소규모 개발사와의 파트너십 가능성이 있다.,"설립 2년 차의 초기 소형 사업자로 직원 3명, 매출 비공개 등 사업 기반이 극히 취약하다.",,엑셀레이션 파트너 후보 스튜디오. PC/Console 플랫폼 개발 역량,short,설립: 2023년
182.0,UNSEEN Inc.,UNSEEN株式会社,일본,개발/운영,비서브,N,,accel,,,,27.0,中村育美,Y,KEMURI (개발 중),"2022년 3월 탄고 게임웍스·베데스다 출신 中村育美가 설립한 도쿄 쓰키시마 소재의 게임 스튜디오로, 아시아 도시를 배경으로 한 요괴 액션 게임 \",오카미·베요네타·고스트와이어: 도쿄 등 세계적으로 유명한 타이틀에 참여한 크리에이터가 이끄는 스튜디오로 글로벌 관심도가 높다.,"첫 번째 게임이 아직 발매되지 않아 매출이 없으며, 자본금 등 재무 정보가 공개되지 않아 사업 리스크가 높다.",,엑셀레이션 파트너 후보 스튜디오. PC/Console 플랫폼 개발 역량,short,설립: 2022년
183.0,Rabbit & Bear Studios Inc.,Rabbit&BearStudios 株式会社,일본,개발/운영,비서브,N,,accel,,,,18.0,河野純子,Y,"Eiyuden Chronicle: Hundred Heroes, Eiyuden Chronicle: Rising","2020년 설립된 도쿄 소재의 JRPG 개발사로, 전 코나미 스이코덴 시리즈 핵심 개발자들이 모여 킥스타터 2020년 게임 분야 1위 달성 후 \","스이코덴의 정신적 후계 타이틀로 킥스타터에서 전 세계 팬들의 폭발적 지지를 받았으며, 강력한 해외 팬덤을 보유한다.","창업자 무라야마 요시타카의 타계로 핵심 창작 역량 손실이 우려되며, 소규모 인원으로 후속 프로젝트의 불확실성이 크다.",,엑셀레이션 파트너 후보 스튜디오. PC/Console 플랫폼 개발 역량,short,설립: 2020년
184.0,HEXADRIVE Inc.,株式会社ヘキサドライブ,일본,개발/운영,비서브,N,,accel,,,,136.0,松下正和,Y,"Final Fantasy XV (공동개발), Zelda: The Wind Waker HD, NieR:Automata (지원)",2007년 카프콤 출신 마츠시타 마사카즈가 오사카에서 창업한 수탁 개발 전문 스튜디오. 프로그래머 중심의 조직 문화(\,프로그래밍 기반의 높은 기술 완성도와 대형 퍼블리셔와의 장기적 협력 관계가 강점. 다양한 플랫폼에 걸친 개발 경험이 풍부하다.,매출 비공개로 수익성 파악 어려움. 수탁 의존 구조로 자사 IP 부재 시 매출 변동 리스크 존재.,,엑셀레이션 파트너 후보 스튜디오. 수탁 개발 실적 있어 협업 기반 있음. All 플랫폼 개발 역량,short,설립: 2007년
185.0,CLOVERS Inc.,クローバーズ株式会社,일본,개발/운영,비서브,N,,accel,,,,64.0,小山兼人,Y,오카미 완전 신작 (개발 중),"2023년 10월 설립된 신생 스튜디오로, 전 플래티넘게임즈·클로버 스튜디오의 카미야 히데키가 스튜디오 헤드를 맡고 있다. 클로버 스튜디오·플래티넘게임즈 출신 정예 크리에이터들이 모인 조직이며, 캡콤 의뢰로 오카미 완전 신작을 개발 중이다. 오사카·도쿄 이원 체제로 운영된다.",카미야 히데키를 필두로 한 세계적 명성의 개발진이 최대 강점. 오카미 IP를 통한 글로벌 팬층과 캡콤이라는 든든한 파트너십 보유.,2023년 창업 이후 출시 타이틀 미보유 상태로 실적 불확실성 높음. 소규모 스타트업으로 재무 리스크 존재.,,엑셀레이션 파트너 후보 스튜디오. PC/Console 플랫폼 개발 역량,short,설립: 2023년
186.0,"AGNI-FLARE CO., LTD",株式会社アグニ・フレア,일본,개발/운영,비서브,N,,accel,,,,23.0,稲葉剛士,Y,"Splatoon 3 (지원), Mario & Luigi: Brothership (지원)",2010년 요코하마에서 설립된 CG·이펙트 전문 스튜디오. 실시간 이펙트 및 3D 모델·애니메이션을 주력으로 닌텐도·스퀘어에닉스·캡콤의 대형 타이틀을 다수 지원한다. 스플라툰 3 및 마리오&루이지 브라더십 등에서 외주 파트너로 참여했다.,실시간 이펙트 특화 기술력으로 닌텐도 등 최상급 퍼블리셔의 신뢰를 확보. 적은 인원 대비 작업 범위가 넓어 비용 효율성이 높다.,자본금 200만 엔의 소규모 회사로 재무 취약성이 있음. 20명대 소수 인력으로 대형 프로젝트 확장에 한계.,,엑셀레이션 파트너 후보 스튜디오. 수탁 개발 실적 있어 협업 기반 있음. All 플랫폼 개발 역량,short,설립: 2010년
187.0,BAEL inc.,株式会社BAEL,일본,개발/운영,서브,N,,accel,,,,100.0,田村友一,Y,Blue Lock: Blaze Battle (모바일),"2018년 설립된 도쿄 신주쿠 소재 게임 개발사로, 스마트폰 게임 및 XR 콘텐츠 개발을 주력으로 한다. 블루락 BLAZE BATTLE 모바일 게임 개발로 주목받았으며 게임·엔터테인먼트 분야 전반에 걸친 소프트웨어 개발 역량을 보유하고 있다.",XR 기술과 스마트폰 게임 개발의 복합 역량 보유. 인기 IP 라이선스 게임 수주 실적이 강점.,자본금 105만 엔으로 재무적 기반이 매우 취약. 매출 비공개로 수익성 검증 어려움.,,엑셀레이션 파트너 후보 스튜디오. Mobile 플랫폼 개발 역량,short,설립: 2018년
188.0,BeXide Inc.,株式会社 ビサイド,일본,개발/운영,서브,N,,accel,,5.0,,54.0,南治一徳,Y,"Doko Demo Issyo, Super Bullet Break","1999년 설립된 도쿄 다치카와 소재 개발사로, 소니 \",자사 IP(\,소규모 자사 IP의 시장 인지도가 낮아 대형 타이틀 경쟁에서 불리. 소니 의존도가 높아 플랫폼 전략 변화 시 영향 받을 수 있음.,,엑셀레이션 파트너 후보 스튜디오. 수탁 개발 실적 있어 협업 기반 있음. All 플랫폼 개발 역량,short,설립: 1999년
189.0,Beyond interactive Inc.,ビヨンド・インタラクティブ株式会社,일본,개발/운영,비서브,N,,accel,,,,16.0,赤司仁,Y,"Samurai Jack: Battle Through Time, Valkyrie Elysium (지원)","1989년 설립된 요코하마 소재의 역사 깊은 게임 개발사. 콘솔 게임·스마트폰·VR 디바이스 개발 및 해외 타이틀 로컬라이즈를 사업으로 한다. 사무라이잭: 배틀 스루 타임, 발키리 엘리시엄 지원 등의 실적을 보유하고 있다.",35년 이상의 업력과 멀티플랫폼 개발·로컬라이즈 통합 서비스 제공 능력이 강점.,16명의 소규모 인력으로 대규모 프로젝트 수행에 한계. 매출 비공개로 재무 투명성 낮음.,,엑셀레이션 파트너 후보 스튜디오. 수탁 개발 실적 있어 협업 기반 있음. All 플랫폼 개발 역량,short,설립: 1989년
190.0,Byking Inc.,株式会社バイキング,일본,개발/운영,비서브,N,,accel,,0.39,,143.0,尾畑心一朗,Y,My Hero One\,"2008년 설립된 도쿄 소재 액션 게임 전문 개발사. 반다이남코와의 협력 하에 히로아카 원즈저스티스 1·2, 주술회전 커스드클래시 등 인기 IP 타이틀을 다수 개발했다. 2025년 매출 약 39억 엔을 기록하는 중견 수탁 스튜디오다.",반다이남코와의 긴밀한 파트너십을 통한 대형 IP 게임 수주 역량이 핵심 강점. 액션 게임 장르 전문성이 높다.,반다이남코 의존도가 높아 발주사 전략 변화 시 매출 리스크. 자사 IP 부재로 수익 다각화 제한적.,,엑셀레이션 파트너 후보 스튜디오. 수탁 개발 실적 있어 협업 기반 있음. All 플랫폼 개발 역량,short,설립: 2008년
191.0,"C4on, Inc.",株式会社シフォン,일본,개발/운영,서브,N,,accel,,0.28,,25.0,長谷川友也,Y,MMO 개발·운영 복수 타이틀 (KADOKAWA·산리오·SE 수탁),2011년 설립된 도쿄 소재 MMO·온라인 게임 개발·운영 전문사. KADOKAWA·산리오·스퀘어에닉스 등 다양한 퍼블리셔를 거래처로 두며 게임 운영 인프라 구축 서비스도 제공한다. 2023년 매출 약 2억 8천만 엔을 기록했다.,온라인 게임 운영·개발 전문성과 다양한 장르 퍼블리셔와의 거래 관계가 강점.,25명 소규모로 프로젝트 다각화에 한계. 자본금 비공개로 재무 구조 파악이 어려움.,,엑셀레이션 파트너 후보 스튜디오. 수탁 개발 실적 있어 협업 기반 있음. PC/Mobile 플랫폼 개발 역량,short,설립: 2011년
192.0,"CA PRODUCTION Co.,Ltd.",有限会社シーエイプロダクション,일본,개발/운영,비서브,N,,accel,,0.47,,49.0,辻川治,Y,"Mario Party 시리즈, Wii Party",1993년 나가사키현 오무라시에 설립된 코어 게임 개발사. 닌텐도·허드슨의 마리오 파티 시리즈 및 Wii 파티 개발에 참여했다. 지방 소재임에도 닌텐도와 장기 협력 관계를 유지하는 안정적인 수탁 스튜디오다.,닌텐도 파티 게임 시리즈의 핵심 개발 파트너로 장기 실적을 보유. 지방 소재로 인건비 경쟁력이 있다.,허드슨 해산 이후 거래처 다각화가 과제. 닌텐도 의존 구조로 발주 감소 시 영향 직접적.,,엑셀레이션 파트너 후보 스튜디오. 수탁 개발 실적 있어 협업 기반 있음. PC/Console 플랫폼 개발 역량,short,설립: 1993년
193.0,"Canmu Co.,Ltd.",株式会社カンム,일본,개발/운영,비서브,N,,accel,,,,5.0,片山誓,N,Star Ocean 5 (지원),2013년 설립된 초소형 게임·시스템 개발 스튜디오. 스타오션 5 지원 등 스퀘어에닉스·코나미와의 수탁 실적을 보유한다. 베테랑 개발자들이 소수 정예로 운영하는 부티크형 스튜디오다.,경험 풍부한 베테랑 개발진의 고품질 소규모 수탁 서비스. 비용 효율적 운영이 가능한 구조.,5인의 극소규모 체제로 대형 프로젝트 대응 불가. 매출 비공개이며 인력 이탈 시 사업 지속성 우려.,,엑셀레이션 파트너 후보 스튜디오. 수탁 개발 실적 있어 협업 기반 있음. All 플랫폼 개발 역량,short,설립: 2013년
194.0,Cosmo Machia Inc.,株式会社コスモマキアー,일본,개발/운영,비서브,N,,accel,,,,33.0,森一申,Y,"TriggerHeart Exelica, Fantavision 202X",2010년 설립된 도쿄 분쿄구 소재 개발사. 오리지널 슈팅 게임 트리거하트 엑셀리카와 PS5 판타비전 202X를 개발했으며 반다이남코·스퀘어에닉스 등의 수탁도 수행한다. 가정용·스마트폰·PC 게임 전 분야에 걸쳐 사업을 전개한다.,자사 IP와 수탁 개발의 병행 운영. 슈팅·아케이드 장르 특화 기술력이 강점.,자본금 600만 엔의 소규모 재무 기반. 틈새 장르 집중으로 시장 확장에 한계.,,엑셀레이션 파트너 후보 스튜디오. 수탁 개발 실적 있어 협업 기반 있음. All 플랫폼 개발 역량,short,설립: 2010년
195.0,ENGINES Inc.,株式会社エンジンズ,일본,개발/운영,비서브,N,,accel,,,,30.0,楠本征則,Y,Shadow Labyrinth (Pac-Man 다크 액션),2005년 오사카 설립 개발사. 2025년 출시 예정의 팩맨 다크 액션 어드벤처 Shadow Labyrinth를 개발하며 업계 주목을 받고 있다. 게임 외에 식육 등 사회 공헌 프로젝트도 병행하는 독특한 중소 스튜디오다.,팩맨 IP를 활용한 신선한 다크 액션 장르 도전으로 해외 시장 관심 집중. 오사카 기반의 비용 효율적 운영.,자본금 300만 엔으로 재무 기반이 취약. Shadow Labyrinth 이전 대표작 인지도가 낮아 브랜드 리스크 존재.,,엑셀레이션 파트너 후보 스튜디오. 수탁 개발 실적 있어 협업 기반 있음. All 플랫폼 개발 역량,short,설립: 2005년
196.0,"GANBARION CO., Ltd.",株式会社ガンバリオン,일본,개발/운영,비서브,N,,accel,,,,111.0,山倉千賀子,Y,"One Piece: World Seeker, Dragon Ball Fusions","1999년 후쿠오카에서 설립된 중견 개발사. 원피스 그랜드배틀·월드시커, 드래곤볼 퓨전즈 등 반다이남코와의 협력으로 다수의 인기 IP 게임을 개발했다. 여성 대표가 이끄는 안정적 수탁 스튜디오로 알려져 있다.",반다이남코 IP 게임 전문 개발 노하우와 지방(후쿠오카) 거점을 통한 비용 경쟁력이 강점.,매출 비공개이며 반다이남코 의존도가 높아 거래 구조 변화 시 리스크. 자사 IP 미보유.,,엑셀레이션 파트너 후보 스튜디오. 수탁 개발 실적 있어 협업 기반 있음. All 플랫폼 개발 역량,short,설립: 1999년
197.0,"Gemdrops, Inc.",ジェムドロップ株式会社,일본,개발/운영,비서브,N,,accel,,,,88.0,北尾雄一郎,Y,"Crystar, Star Ocean: First Departure R, Kizuna AI Touch the Beat!",2013년 설립된 도쿄 조후 소재 개발사. 오리지널 타이틀 크리스타 및 스타오션 리마스터 등 스퀘어에닉스와의 협력 실적이 풍부하다. VR 게임 개발에도 역량을 확장 중이다.,스퀘어에닉스와의 장기 파트너십과 VR 등 신규 기술 영역 진출로 성장 잠재력 보유.,자본금 500만 엔의 소규모 재무 기반. 매출 비공개로 수익성 파악 어려움.,,엑셀레이션 파트너 후보 스튜디오. 수탁 개발 실적 있어 협업 기반 있음. PC/Console 플랫폼 개발 역량,short,설립: 2013년
198.0,GLAMBOX,株式会社グラムボックス,일본,개발/운영,비서브,N,,accel,,,,29.0,上原一暢,Y,Romancing SaGa Re;univerSe (모바일),2012년 설립된 도쿄 신주쿠 소재 소형 개발사. 스퀘어에닉스의 로망 사가 모바일 타이틀 개발에 참여하며 실적을 쌓아왔다. 게임 기획·설계·프로젝트 매니지먼트에 특화된 부티크형 스튜디오다.,스퀘어에닉스 IP 게임 개발 실적 보유. 기획·관리 능력 특화로 다양한 수탁 프로젝트 대응 가능.,자본금 350만 엔의 취약한 재무 구조. 매출 비공개이며 소규모로 성장 한계 존재.,,엑셀레이션 파트너 후보 스튜디오. 수탁 개발 실적 있어 협업 기반 있음. Mobile 플랫폼 개발 역량,short,설립: 2012년
199.0,"HYDE,Inc.",株式会社ハイド,일본,개발/운영,비서브,N,,accel,,0.13,,150.0,柳原健一,Y,Everybody\,2002년 설립된 도쿄 신주쿠 소재 중견 개발사. 에브리바디스 골프 HD·디지몬 월드 넥스트 오더 등 반다이남코·스퀘어에닉스·디즈니와의 수탁 실적이 풍부하다. 자회사 스마일악스·프랙탈스튜디오 등을 보유한 소규모 그룹이다.,150명 규모의 안정적 인력 구조와 멀티 퍼블리셔 수탁 포트폴리오. 그룹 내 복수 자회사로 사업 다각화 실현.,2024년 매출 13억 엔으로 규모 대비 수익성 낮음. 자사 히트 IP 부재로 브랜드 파워 취약.,,엑셀레이션 파트너 후보 스튜디오. 수탁 개발 실적 있어 협업 기반 있음. All 플랫폼 개발 역량,short,설립: 2002년
200.0,"Indie-us Games Co., Ltd.",株式会社Indie-us Games,일본,개발/운영,비서브,N,,accel,,,,16.0,中村匡彦,Y,UNDEFEATED,2017년 오사카 설립. 언리얼 엔진 전문 개발사로 게임·영상·XR·메타버스·건축·자동차 등 다양한 산업의 3D 콘텐츠 제작에 종사한다. 자사 게임 UNDEFEATED가 전 세계 누계 300만 다운로드를 돌파하며 글로벌 인지도를 얻었다.,언리얼 엔진 특화 기술로 게임 이외 산업 수주도 가능한 다각 사업 구조. UNDEFEATED 글로벌 히트로 자사 IP 브랜드 확보.,자본금 50만 엔으로 재무 기반이 극히 취약. 소규모 체제로 복수 프로젝트 동시 수행에 한계.,,엑셀레이션 파트너 후보 스튜디오. 수탁 개발 실적 있어 협업 기반 있음. PC/Console 플랫폼 개발 역량,short,설립: 2017년
201.0,"logicalbeat Co., Ltd.",株式会社ロジカルビート,일본,개발/운영,비서브,N,,accel,,0.02,,32.0,堂前嘉樹,Y,Baten Kaitos I & II HD Remaster,2016년 요코하마 신요코하마 설립. 반다이남코의 바텐 가이토스 1&2 HD 리마스터 개발로 알려졌으며 기술력과 아이디어 융합을 표방한다. 2024년 매출 약 2.2억 엔의 소형 스튜디오다.,반다이남코 리마스터 프로젝트 수주 실적과 높은 기술 구현력이 강점. 자본금 2000만 엔으로 소규모 대비 비교적 안정적 재무.,매출 2억대의 소규모 수익 구조로 대형 프로젝트 독자 수주에 한계. 업력이 비교적 짧아 실적 다양성 부족.,,엑셀레이션 파트너 후보 스튜디오. 수탁 개발 실적 있어 협업 기반 있음. PC/Console 플랫폼 개발 역량,short,설립: 2016년
202.0,Matrix Corporation,株式会社マトリックス,일본,개발/운영,비서브,N,,accel,,,,119.0,大堀康祐,Y,"Alundra, Omega Labyrinth Life","1994년 설립된 도쿄 신주쿠 소재 중견 개발사. 알룬드라, 오메가 래버린스 시리즈 등 자사 타이틀 외에 스퀘어에닉스·레벨5 등의 수탁도 수행한다. 가정용 게임·아뮤즈먼트(파친코)·스마트폰 게임 등 멀티 분야에 걸쳐 사업을 전개한다.",30년 이상의 업력과 다양한 장르·플랫폼 개발 경험. 파친코 등 아뮤즈먼트 분야 병행으로 수익 다각화.,매출 비공개로 재무 투명성 낮음. 파친코 등 규제 민감 분야 의존 시 사업 리스크 존재.,,엑셀레이션 파트너 후보 스튜디오. 수탁 개발 실적 있어 협업 기반 있음. All 플랫폼 개발 역량,short,설립: 1994년
203.0,Media.Vision Inc.,メディア・ビジョン株式会社,일본,개발/운영,비서브,N,,accel,,,,147.0,福島孝,Y,"Wild Arms series, Valkyria Chronicles IV",1993년 설립된 도쿄 고토구 소재 중견 개발사. 와일드암즈 시리즈·발키리아 크로니클 IV 등 자사 IP와 소니·세가·반다이남코 수탁 양쪽에서 실적을 쌓아왔다. CG 제작 사업도 병행하는 복합 스튜디오다.,와일드암즈 등 자체 IP 보유와 대형 퍼블리셔 수탁 실적의 균형 잡힌 포트폴리오. 30년 이상의 안정적 업력.,매출 비공개이며 자사 신규 IP 창출이 장기적 과제. 147명 규모 대비 공개 실적이 적어 성장성 파악 어려움.,,엑셀레이션 파트너 후보 스튜디오. 수탁 개발 실적 있어 협업 기반 있음. All 플랫폼 개발 역량,short,설립: 1993년
204.0,One or Eight INC.,株式会社ワンオアエイト,일본,개발/운영,비서브,N,,accel,,,,74.0,小村一生,Y,LOST EPIC,2012년 설립된 도쿄 소재 개발사. 자사 2D 탐색 액션 로스트에픽과 버추얼 유튜버 사무소 운영 등 게임·엔터테인먼트 복합 사업을 전개한다.,자사 IP 로스트에픽의 PS5/Switch 패키지 출시까지 이어진 장기 개발 능력. VTuber 사업과의 시너지로 수익 다각화 추진 중.,매출 비공개이며 VTuber 사업은 경쟁이 치열한 레드오션. 게임과 엔터테인먼트 양쪽 모두 대형 경쟁사 대비 규모 열위.,,엑셀레이션 파트너 후보 스튜디오. PC/Console 플랫폼 개발 역량,short,설립: 2012년
205.0,"Rocket Studio, Inc.",株式会社ロケットスタジオ,일본,개발/운영,비서브,N,,accel,,,,84.0,竹部隆司,Y,Dragon Quest Monsters: Battle Road,1999년 홋카이도 삿포로 설립 개발사. 드래곤퀘스트 몬스터즈 배틀로드 개발을 비롯해 스퀘어에닉스·코나미와의 수탁 실적을 보유한다. 지방 거점(삿포로)의 비용 경쟁력을 갖춘 중형 스튜디오다.,자본금 3000만 엔으로 동규모 경쟁사 대비 재무 안정성 우위. 삿포로 거점으로 인건비 경쟁력 확보.,매출 비공개이며 홋카이도 소재로 인재 채용에 불리할 수 있음. 대형 도쿄 스튜디오 대비 지리적 접근성 제한.,,엑셀레이션 파트너 후보 스튜디오. 수탁 개발 실적 있어 협업 기반 있음. PC/Console 플랫폼 개발 역량,short,설립: 1999년
206.0,StirSystem Inc.,株式会社ステアシステム,일본,개발/운영,비서브,N,,accel,,,,21.0,高橋伸夫,Y,"Resident Evil 4 Remake (지원), Granblue Fantasy: Relink (지원)",2015년 오사카 설립. 바이오하자드4 리메이크 및 그란블루 판타지 리링크 등 캡콤·사이게임스의 대형 타이틀 지원 개발에 참여했다. 소수 정예로 AAA급 프로젝트에 기여하는 전문 수탁 스튜디오다.,캡콤 등 업계 최상급 개발사와의 협력 실적이 기술력을 증명. 소규모이지만 고난도 프로젝트 수행 능력 보유.,자본금 300만 엔의 취약한 재무 기반. 21명의 소규모로 동시 프로젝트 수행 능력이 제한적.,,엑셀레이션 파트너 후보 스튜디오. 수탁 개발 실적 있어 협업 기반 있음. All 플랫폼 개발 역량,short,설립: 2015년
207.0,THREE RINGS Inc.,株式会社スリーリングス,일본,개발/운영,비서브,N,,accel,,,,76.0,三輪賀一,Y,Story of Seasons: Pioneers of Olive Town,2010년 요코하마 설립. 마벨러스·FuRyu를 주요 거래처로 스토리 오브 시즌스: 오리브 타운의 개척자 등 농장 시뮬레이션 장르에서 실적을 쌓았다. 파견·유료 직업 소개 사업도 병행하며 수익 다각화를 추진한다.,자본금 2200만 엔으로 비교적 안정적 재무 기반. 농장 시뮬레이션·SLG 장르 전문 노하우와 복수 퍼블리셔 협력 관계.,매출 비공개로 수익성 파악 어려움. 장르 집중으로 유행 변화 시 수주 리스크 존재.,,엑셀레이션 파트너 후보 스튜디오. 수탁 개발 실적 있어 협업 기반 있음. PC/Console 플랫폼 개발 역량,short,설립: 2010년
208.0,Tookyo Games,トゥーキョーゲームス株式会社,일본,개발/운영,비서브,N,,accel,,,,7.0,小高和剛,Y,"Master Detective Archives: Rain Code, Death Come True, Akudama Drive","2018년 설립된 소규모 크리에이터 집단. 단간론파 시리즈의 고다카 카즈타카, 999 시리즈의 우치코시 코타로 등 세계적 명성의 시나리오 작가·디렉터 7인이 창업했다. 마스터 탐정 아카이브: 레인코드, 데스 컴 트루 등 내러티브 어드벤처 장르의 독창적 타이틀을 보유한다.",세계적으로 인정받는 나레이티브 어드벤처 크리에이터들의 집결이 최대 강점. 글로벌 팬 커뮤니티와 높은 브랜드 인지도 보유.,자본금·매출 모두 비공개이며 7명의 극소규모로 생산성에 한계. 크리에이터 의존도가 높아 핵심 인력 이탈 시 사업 위협.,,엑셀레이션 파트너 후보 스튜디오. PC/Console 플랫폼 개발 역량,short,설립: 2017년
209.0,Toylogic inc.,株式会社トイロジック,일본,개발/운영,비서브,N,,accel,,,,150.0,岳洋一,Y,"NieR Replicant ver.1.22, FOAMSTARS, Warlander",2006년 설립된 도쿄 소재 중견 개발사. 니어 레플리칸트 ver.1.22 리메이크·FOAMSTARS 등 스퀘어에닉스를 비롯해 코나미·유비소프트와의 수탁 실적을 보유한다. \,니어 시리즈 등 글로벌 타이틀 개발 실적으로 국제적 브랜드 파워 보유. 멀티 퍼블리셔 수주 역량이 안정적.,매출 비공개이며 수탁 의존 구조로 자사 IP 창출이 장기 과제.,,엑셀레이션 파트너 후보 스튜디오. 수탁 개발 실적 있어 협업 기반 있음. PC/Console 플랫폼 개발 역량,short,설립: 2006년
210.0,TRI-CRESCENDO Inc.,株式会社トライクレッシェンド,일본,개발/운영,비서브,N,,accel,,,,29.0,初芝弘也,Y,"Baten Kaitos series, Tales series (지원), Super Smash Bros. (지원)","1999년 도쿄 고토구 설립. 반다이남코 및 닌텐도/소라와의 협력으로 바텐 가이토스 시리즈, 테일즈 시리즈 지원, 대난투 스매시브라더스 지원 등 실적을 쌓았다. 트라이에이스와 오랜 협력 관계를 유지하는 RPG/액션 특화 스튜디오다.",닌텐도·반다이남코 양대 퍼블리셔와의 신뢰 관계가 강점. RPG 음악·사운드 및 게임플레이 지원 특화 기술 보유.,매출 비공개이며 29명 수준의 소규모. 트라이에이스 의존도가 높아 협력사 상황에 따른 영향 가능성.,,엑셀레이션 파트너 후보 스튜디오. 수탁 개발 실적 있어 협업 기반 있음. PC/Console 플랫폼 개발 역량,short,설립: 1999년
211.0,TSUKISHIMA FACTORY,株式会社月島ファクトリー,일본,개발/운영,비서브,N,,accel,,,,23.0,日野昭宏,Y,Loop (모바일),2006년 아오모리현 설립의 소형 게임·앱 개발사. 보드게임·카드게임 등 아날로그 게임과 스마트폰 앱 Loop 개발을 병행한다. 2025년 3월 IT 기업 리크스테이션에 인수되어 그룹 편입됐다.,아날로그·디지털 게임 병행 개발이라는 독특한 포지셔닝. 리크스테이션 그룹 편입으로 경영 안정성 향상.,23명 소규모이며 지방(아오모리) 소재로 인재 확보 어려움. 최근 모회사 변경으로 사업 방향성 불확실성 존재.,株式会社リンクステーション (2025년 3월 인수),엑셀레이션 파트너 후보 스튜디오. 수탁 개발 실적 있어 협업 기반 있음. All 플랫폼 개발 역량,short,설립: 2006년
212.0,VANILLAWARE,ヴァニラウェア有限会社,일본,개발/운영,비서브,N,,accel,,,,39.0,神谷盛治,Y,"Odin Sphere Leifthrasir, Dragon\",2002년 오사카 설립. 오딘 스피어·드래곤즈 크라운·13기병 방위권 등 세계적으로 호평받는 자사 IP 타이틀을 아틀러스와 협력하여 발매해왔다. \,독창적인 2D 아트워크와 높은 게임 완성도로 세계적 팬덤 보유. 아틀러스와의 장기 협력으로 안정적 퍼블리싱 환경 확보.,자본금 300만 엔의 취약한 재무 기반이며 매출 비공개. 소규모 특성상 타이틀 출시 주기가 매우 길어 수익성 우려.,アトラス (퍼블리셔 파트너),엑셀레이션 파트너 후보 스튜디오. All 플랫폼 개발 역량,short,설립: 2002년
213.0,DDDistortion,株式会社DDDistortion,일본,개발/운영,비서브,N,,accel,,,,,Nolan Joseph,Y,NIGHTMARE OPERATOR,"2024년 설립된 도쿄 기반의 인디 게임 개발 스튜디오로, 공포 액션 TPS 《NIGHTMARE OPERATOR》를 개발 중이다. 2036년 폐허가 된 도쿄를 배경으로 요괴를 사냥하는 서바이벌 호러와 격투게임 메카닉을 결합한 독창적인 장르 혼합 게임을 지향한다.","격투게임 메카닉과 호러 TPS를 융합한 독특한 장르 실험, 일본 도시 전설·요괴 테마의 차별화된 세계관으로 글로벌 관심을 확보했다.","2024년 설립된 신생 스튜디오로 재무 정보 전무, 대표작 미출시 상태이며 팀 규모와 자금력 불확실성이 높다.",,엑셀레이션 파트너 후보 스튜디오,short,설립: 2024년
214.0,KTMG,KTMG合同会社,일본,개발/운영,비서브,N,,accel,,,,,福岡賢二,Y,초증세도시,"2006년 고베 전자전문학교 내 설립된 TLO(기술이전기관) 성격의 합동회사로, KIC Games 브랜드로 인디 게임을 기획·개발·판매·퍼블리싱한다. 고베를 기반으로 학생 게임 개발자 육성과 인디 게임 전시회 \","교육기관 연계 인디 게임 생태계 구축, 고베 지역 게임 커뮤니티 허브 역할 수행으로 안정적인 신인 발굴 구조를 보유한다.","학교 부설 구조로 상업적 규모 성장에 한계가 있으며, 합동회사 형태로 재무 정보가 공개되지 않는다.",,엑셀레이션 파트너 후보 스튜디오,short,설립: 2006년
215.0,AL Frog Interactive,株式会社AI Frog Interactive,일본,개발/운영,비서브,N,,accel,,,,4.0,新清士,Y,Exelio,"2023년 1월 설립된 AI 특화 인디 게임 개발 스튜디오로, 생성형 AI를 적극 활용해 소수 정예 팀으로 고품질 게임 개발을 목표로 한다. 대표작 《Exelio》는 크래프트 서바이벌 게임으로 2026년 3월 Steam 얼리 액세스를 시작했다. East Ventures, Breakpoint 등으로부터 포스트시드 라운드 자금 조달 완료.","생성형 AI 활용 개발 비용 절감으로 소규모 팀의 경쟁력 확보, 게임 저널리스트 출신 대표의 업계 네트워크와 미디어 노출도가 강점이다.","4명 규모의 초소형 스튜디오로 복수 프로젝트 병행 능력 부재, AI 저작권 논란 등 규제 리스크가 잠재한다.","East Ventures, monoAI technology 출자",엑셀레이션 파트너 후보 스튜디오,short,설립: 2023년
216.0,Woof,woof株式会社,일본,개발/운영,비서브,N,,accel,,,,,ページ 健 (Ken Page),Y,"The Blackout, しんりゃく！スシキャットレイヤー２","2020년 3월 설립된 도쿄 기반 인디 게임 개발사로, 블록체인 게임 개발과 게임·IT 분야 크리에이터 매칭 서비스 \","블록체인 게임과 VTuber 에이전시를 결합한 멀티 플랫폼 전략, 외국인 대표의 글로벌 감각으로 해외 시장 접근성이 높다.","종업원 10명 미만의 소규모 운영, 블록체인 게임 시장 침체에 따른 핵심 사업 불안정성이 리스크이다.",,엑셀레이션 파트너 후보 스튜디오,short,설립: 2020년
217.0,Onion Games,株式会社Onion Games,일본,개발/운영,비서브,N,,accel,,,,3.0,木村祥朗,Y,"moon, Black Bird, Little Town Hero","전 마벨러스·러브드엘프의 크리에이터 기무라 요시로가 설립한 도쿄 소재 인디 게임 스튜디오. 《moon》 리마스터, 《Black Bird》 등 실험적·예술적 지향의 게임으로 국내외에서 컬트적 지지를 받는다.","업계 경력 30년 이상의 크리에이터 주도 스튜디오로 브랜드 인지도 높음, 독창적 아트 감성과 팬 충성도가 강점이다.","3인 극소형 팀으로 생산성과 후속작 출시 주기에 한계, 매출·자본금 등 재무정보 비공개.",,엑셀레이션 파트너 후보 스튜디오,short,
218.0,Room6,株式会社room6,일본,개발/운영,비서브,N,,accel,,,,28.0,木村征史,Y,"7年後で待ってる, Yokaze 레이블 퍼블리싱 타이틀 다수",2010년 설립(2018년 현 사명으로 변경)된 교토 기반 인디 게임 개발·퍼블리싱 회사. 자사 개발과 함께 인디 레이블 \,"개발과 퍼블리싱을 겸하는 독립 레이블 운영으로 수익 다각화, 교토 지역 거점의 인건비 우위와 안정적 파트너십이 강점이다.","최근 결산에서 순손실 895만 엔 기록, 누적 이익잉여금 마이너스로 재무 건전성 우려가 있다.",,엑셀레이션 파트너 후보 스튜디오,short,설립: 2010년
219.0,Ratana Arts,Ratata Arts株式会社,일본,개발/운영,비서브,N,,accel,,,,14.0,,Y,Ratatan,"2023년 6월 설립된 도쿄 소재 게임 개발사. Patapon 시리즈 게임 디자이너 코타니 히로유키가 주도하여 정신적 후속작 《Ratatan》을 개발했다. 킥스타터에서 목표 1시간도 안 돼 달성, 최종 약 2억 1,900만 엔을 모금하며 2025년 9월 Steam 얼리 액세스 출시에 성공했다.","Patapon 오리지널 팀의 크리에이티브 계보를 잇는 강력한 IP 친화력, 킥스타터 대성공으로 초기 팬베이스와 개발 자금을 확보했다.","대표자 등 경영진 정보 공개 미흡, 얼리 액세스 상태로 정식 출시 및 추가 타이틀 개발 능력은 미검증 상태이다.",,엑셀레이션 파트너 후보 스튜디오,short,설립: 2023년
220.0,I-rori-entertainment,株式会社アイロリ・エンタテインメント,일본,개발/운영,비서브,N,,accel,,,,41.0,小林英司,Y,"Dragon Quest VII Reimagined (support), 英雄伝説 관련 수탁","2017년 10월 설립된 도쿄 소재 게임 개발·CG 제작사로, Square Enix·Falcom·GungHo 등 주요 퍼블리셔의 수탁 개발을 주력으로 한다. 게임 프로그래밍, UI/UX, 3D 모델링, 애니메이션 등 풀스택 개발 역량 보유.","대형 퍼블리셔 다수와의 장기 수탁 관계로 안정적 수주 기반 확보, 다양한 직군의 전문 크리에이터 40명 이상을 보유한 체계적 스튜디오이다.","수탁 의존도가 높아 자사 IP 부재에 따른 브랜드 파워 약함, 매출·이익 정보 비공개.",,엑셀레이션 파트너 후보 스튜디오. 수탁 개발 실적 있어 협업 기반 있음. All 플랫폼 개발 역량,short,설립: 2017년
221.0,Fahrenheit213,ファーレンハイト213株式会社,일본,개발/운영,비서브,N,,accel,,,,4.0,塩川洋介,Y,つるぎ姫(개발중),《Fate/Grand Order》의 크리에이티브 프로듀서였던 시오카와 요스케가 2021년 3월 독립 설립한 인디 게임 스튜디오. FGO·KH·디시디아 FF 등 대작 개발 이력을 바탕으로 첫 자체 타이틀 《つるぎ姫》(2026년 얼리 액세스 예정)를 개발 중이다.,FGO 등 대형 프랜차이즈에서 검증된 크리에이티브 디렉터의 독립 브랜드로 기존 팬층의 기대감이 높고 미디어 노출도가 우수하다.,"4인 소규모 팀으로 《つるぎ姫》 아직 출시 전, 1인 의존도 리스크와 재무 정보 비공개.",塩川洋介 100% 소유,엑셀레이션 파트너 후보 스튜디오,short,설립: 2021년
222.0,Wonderland Kazakiri inc.,株式会社ワンダーランド,일본,개발/운영,비서브,N,,accel,,,,2.0,誉田潔,Y,"ダンジョンに捧ぐ墓標, BlockQuest",2015년 설립된 도쿄 소재 초소형 인디 게임·디지털 콘텐츠 제작사(브랜드명: Wonderland Kazakiri). 웹 제작과 시스템 개발 기반 위에 게임 개발을 병행한다. 로그라이크 던전 RPG 《ダンジョンに捧ぐ墓標》 등을 개발했다.,소규모로 웹·시스템·게임 개발을 겸하는 다재다능한 스튜디오로 운영 비용이 낮다.,"2인 체제의 극소형 스튜디오로 대규모 프로젝트 실행 능력 부재, 재무 정보 전무.",,엑셀레이션 파트너 후보 스튜디오. All 플랫폼 개발 역량,short,설립: 2015년
223.0,Neotro Inc.,株式会社ネオトロ,일본,개발/운영,비서브,N,,accel,,,,,佐渡大志,Y,"NeverAwake, VRITRA Complete Edition",가나가와현 요코하마시 기반의 소형 인디 게임 스튜디오. \,슈팅·액션 장르 특화로 고유한 아트 스타일과 게임 감성을 구축했으며 《NeverAwake》로 Steam 및 닌텐도 스위치에서 긍정적 평가를 받았다.,"팀 규모·재무 정보 미공개, 단독 외부 퍼블리셔 의존 구조로 자체 배급 역량 부재.",,엑셀레이션 파트너 후보 스튜디오,short,
224.0,White Owls Inc.,株式会社White Owls,일본,개발/운영,비서브,N,,accel,,,,,末弘秀孝 (SWERY),Y,"The MISSING, The Good Life, Hotel Barcelona","《Deadly Premonition》의 감독 SWERY(末弘秀孝)가 2016년 11월 오사카에 설립한 게임 스튜디오. 성인 취향의 개성 강한 일본산 게임을 지향하며 《The MISSING》, 《The Good Life》, 《Death Game Hotel》, 《Hotel Barcelona》 등을 출시했다.","SWERY의 강렬한 크리에이터 브랜드와 컬트 팬층으로 독보적인 작가주의 포지셔닝, 글로벌 인디 커뮤니티에서 높은 인지도 보유.","재무 정보·종업원 수 비공개, SWERY 1인 의존도 리스크, 상업적 성과보다 평단 평가에 치우친 타이틀 다수.",,엑셀레이션 파트너 후보 스튜디오,short,
225.0,Ignition M,株式会社イグニッション・エム,일본,개발/운영,비서브,N,,accel,,,,19.0,升田貴文,Y,"ぼくとネコ, ゲス野郎と拳","《냥코 대전쟁》 PM 출신 마스다 다카후미가 2016년 2월 오사카에 설립한 모바일·PC 게임 개발사. 《ぼくとネコ》, 《ゲス野郎と拳》 등 자체 개발 게임을 출시했다.","대형 히트작 개발 경험을 가진 대표 중심의 강한 개발 문화, 모바일과 콘솔을 아우르는 크로스 플랫폼 개발 역량 보유.","자본금 300만 엔의 소규모 스튜디오로 마케팅·퍼블리싱 역량 한계, 매출 비공개.",,엑셀레이션 파트너 후보 스튜디오,short,설립: 2016년
226.0,Ginolabo,株式会社ginolabo,일본,개발/운영,비서브,N,,accel,,,,1.0,,Y,"SOULVARS, FAIRY TAIL ダンジョンズ",2022년 설립된 1인 솔로 개발 스튜디오. 集英社 게임즈와 협력하여 덱빌딩 RPG 《SOULVARS》 및 《FAIRY TAIL ダンジョンズ》 등을 개발했다. 소규모이나 메이저 퍼블리셔와의 파트너십으로 작품의 유통과 마케팅 지원을 받는다.,"1인 개발이지만 集英社·講談社 등 대형 미디어사와 파트너십으로 IP 활용 가능, 낮은 고정비로 독립성 유지.","1인 체제로 개발 속도·볼륨에 근본적 한계, 대표·자본금 등 기본 기업 정보 비공개.",,엑셀레이션 파트너 후보 스튜디오,short,설립: 2022년
227.0,Gagex,株式会社GAGEX,일본,개발/운영,비서브,N,,accel,,,,4.0,井村剣介,Y,"昭和駄菓子屋物語, 思い出の食堂物語, 懐かしの食堂物語","2011년 2월 설립된 도쿄 기반 모바일 게임 개발사. 쇼와 시대를 소재로 한 향수 테마 게임 시리즈로 누적 2,000만 다운로드 이상을 달성했다. 《昭和駄菓子屋物語》, 《思い出の食堂物語》 등이 대표작이며 Google Play Best of 2022 수상 실적도 있다.","쇼와 향수 테마 모바일 게임의 독보적 포지셔닝으로 충성 고객층 보유, 저비용 팀으로 다수 시리즈 운영 실적 검증.","4명의 소규모 팀으로 대형 신규 개발 역량 제한, 모바일 단일 플랫폼 의존 및 매출 비공개.",,엑셀레이션 파트너 후보 스튜디오,short,설립: 2011년
228.0,Caramel Column,株式会社カラメルカラム,일본,개발/운영,비서브,N,,accel,,,,2.0,大野真樹,Y,"ALTER EGO, ALTER EGO COMPLEX","2014년 6월 설립된 도쿄 소재 2인 인디 게임 스튜디오. 심리 탐구 탭 게임 《ALTER EGO》로 45만 다운로드를 달성했으며, 현재 《ALTER EGO COMPLEX》 등 시리즈를 운영 중이다.","철학·심리학 기반의 독창적 게임 디자인으로 타 스튜디오와 차별화, 모바일 무료 플레이로 대규모 유저 확보 전략이 검증됐다.","자본금 100만 엔의 초소형 스튜디오로 재무 기반 취약, 2인 체제의 개발 볼륨 한계.",,엑셀레이션 파트너 후보 스튜디오,short,설립: 2014년
229.0,Nestopi,株式会社ネストピ,일본,개발/운영,비서브,N,,accel,,,,20.0,生田恭理,Y,"アンクラウン, Re:VER PROJECT TOKYO","2017년 7월 설립된 도쿄 기반 인디 게임 개발사. 자사 IP 개발과 수탁 개발을 병행한다. Google Indie Games Festival 2020 TOP20·도호상 수상작 《アンクラウン》이 대표작이며, 닌텐도 및 모바일 업계 경험을 보유한 대표가 이끈다.","닌텐도 및 모바일 업계 경험을 보유한 대표 중심의 균형 잡힌 자체 개발·수탁 포트폴리오, Google 공식 인디 어워드 수상 실적으로 품질 검증.","자본금 920만 엔 규모로 대형 프로젝트 단독 수행 어려움, 매출 정보 비공개.",,엑셀레이션 파트너 후보 스튜디오,short,설립: 2017년
230.0,Alphawing,ALPHAWING Inc.,일본,개발/운영,비서브,N,,accel,,,,,,Y,"Samurai Bringer, Metal Bringer","1995년 7월 도쿄 시부야에 설립된 멀티미디어 소프트웨어·게임 개발사. 스팀 및 닌텐도 스위치·PS4 대응 액션 게임 《Samurai Bringer》(2022), 《Metal Bringer》(2025) 등을 출시했다.","30년 업력의 안정된 개발 노하우와 스팀·콘솔 크로스 플랫폼 출시 실적, 인디 스케일로 독립 퍼블리싱 가능한 역량 보유.","대표자·자본금·종업원 수 등 주요 기업 정보 공개 미흡, 신생 인디 스튜디오 대비 브랜드 인지도 낮음.",,엑셀레이션 파트너 후보 스튜디오,short,설립: 1995년
231.0,Atelier Mimina,株式会社アトリエミミナ,일본,개발/운영,비서브,N,,accel,,,,3.0,斉藤敦士,Y,"ジラフとアンニカ, 星のハルカ(개발중)","전 Cygames 스태프인 사이토 아쓰시가 2024년 설립한 사이타마 가와고에 기반 소형 게임 스튜디오. 대표작 《ジラフとアンニカ》의 개발사로 알려졌으며, 현재 SF 주브나일 RPG 《星のハルカ》를 개발 중이다.",Cygames 출신 크리에이터의 고품질 아트 감성과 닌텐도 스위치·PC 멀티 플랫폼 출시 경험 보유.,"2024년 설립 신생 스튜디오로 3인 체제의 볼륨 한계, 자본금 소규모.",,엑셀레이션 파트너 후보 스튜디오,short,설립: 2024년
232.0,Sukeban Games,株式会社Sukeban Games,일본,개발/운영,비서브,N,,accel,,,,6.0,Christopher Ortiz (kiririn51),Y,"VA-11 HALL-A, .45 PARABELLUM BLOODHOUND","베네수엘라 출신 개발자들이 설립한 인디 게임 서클로 일본에도 거점을 두는 다국적 스튜디오. 사이버펑크 바텐딩 비주얼 노벨 《VA-11 HALL-A》(2016, 20만 카피 이상 판매)로 국제적 명성을 얻었다.","일본 사이버펑크 문화에 영향받은 독특한 미학과 스토리텔링으로 글로벌 인디 커뮤니티에서 높은 평가, VA-11 HALL-A의 컬트 IP 파워.","베네수엘라-일본 간 다국적 팀 운영 특성상 개발 지연 빈발(N1RV Ann-A 무기한 연기 경험), 일본 법인 여부와 재무 구조 불명확.",,엑셀레이션 파트너 후보 스튜디오,short,
233.0,Artifact,パペガ株式会社,일본,개발/운영,비서브,N,,accel,,,,,二階堂仁,Y,,2024년 5월 14일 설립된 도쿄 시부야 기반 신설 게임 개발사. ARTIFACT 브랜드로 운영되며 설립 직후로 공개된 타이틀 및 상세 사업 정보는 아직 제한적이다.,"2024년 설립 신생사, 도쿄 시부야 기반으로 업계 네트워크 접근성은 양호.","자본금 100만 엔의 초소형 신설 법인, 출시 타이틀 없음, 사업 전략 공개 불충분.",,엑셀레이션 파트너 후보 스튜디오,short,설립: 2024년
234.0,Experience,株式会社エクスペリエンス,일본,개발/운영,비서브,N,,accel,,,,15.0,千頭元,Y,"Stranger of Sword City, Operation Babel, Operation Abyss","2007년 4월 도쿄 하치오지에 설립된 던전 RPG 전문 게임 개발사. 《剣の街の異邦人(Stranger of Sword City)》, 《東京新世録 Operation Babel》 등 3D 던전 탐색 RPG 시리즈로 국내외 팬을 보유한다.","던전 RPG 장르에서 15년 이상의 특화 개발 역량, Vita·Xbox·Steam 등 멀티 플랫폼 출시 실적과 해외(NIS America 퍼블리싱) 유통망 확보.","매출 비공개이나 소규모 팀으로 개발 주기 장기화 경향, 장르 특화로 타깃 고객층이 협소.",,엑셀레이션 파트너 후보 스튜디오,short,설립: 2007년
235.0,Gino,株式会社Gino,일본,개발/운영,비서브,N,,accel,,,,20.0,北尾共,Y,"魔女の館, Bless You Again(개발중)","2022년 9월 히로시마대학 출신 학생들이 창업한 VR 게임 개발 스타트업. PCVR 노벨 게임 《魔女の館》와 로그라이크 3D 액션 《Bless You Again》 등을 개발 중이다. East Ventures로부터 1,500만 엔을 조달했다.","히로시마대 발 유니버시티 스타트업으로 VC 투자 유치, VR·UE 전문 기술력 보유.","매우 초기 단계 스타트업으로 상업적 실적 미흡, 자본금·매출 정보 비공개.",East Ventures 출자,엑셀레이션 파트너 후보 스튜디오,short,설립: 2022년
236.0,Sap Works,合同会社SapWorks,일본,개발/운영,비서브,N,,accel,,,,,テッダー マイケル (Michael Tedder),Y,,미국 뉴햄프셔주 Skymap Games의 일본 첫 진출 법인으로 2025년 9월 삿포로에 설립됐다. 실시간 3D 렌더링과 크로스플랫폼 게임 엔진 분야 25년 이상 경력의 마이클 테더가 대표로 취임했다.,"미국 본사 Skymap Games의 기술력과 글로벌 네트워크를 활용 가능, 삿포로시 지원을 받는 외국계 게임사의 지역 거점 설립.","2025년 9월 설립된 초기 법인으로 일본 시장 실적 전무, 자본금·인력 등 기업 정보 미공개.",Skymap Games (미국 뉴햄프셔) 100% 자회사,엑셀레이션 파트너 후보 스튜디오,short,설립: 2025년
237.0,Pit-Step,株式会社Pit-Step,일본,개발/운영,비서브,N,,accel,,,,5.0,御前純,Y,NINJA CATS: Tactics,"2021년 2월 도쿄 긴자에 설립된 AI 탑재 인디 게임 개발사. 음성으로 AI 닌자 고양이 캐릭터와 대화하며 육성하는 《NINJA CATS: Tactics》를 개발 중이며, TGS 2025 출전 예정이다. 전 세가·부시로드의 구로카와 후미오로부터 투자 및 어드바이저 취임을 받았다.","AI 음성 인터랙션과 전술 RPG를 결합한 차별화된 게임플레이, 업계 베테랑 어드바이저 영입으로 개발 방향성 강화.","5인 소형 팀으로 출시 타이틀 없음(개발 중), 자본금 1,550만 엔 중 상당 부분이 자본준비금으로 실질 자본 규모 제한적.",,엑셀레이션 파트너 후보 스튜디오,short,설립: 2021년
,"MELPOT, Inc.",メルポット,일본,개발/운영,비서브,N,,accel,,,,18.0,安原敏雄,Y,Final Fantasy Crystal Chronicles Remastered Edition,"2016년 가나가와현 가와사키 소재로 설립된 소형 게임 개발사로, FF 크리스탈 크로니클즈 리마스터 등 스퀘어에닉스와의 협업 실적과 VR/AR/XR 콘텐츠 개발 역량을 보유한다.","소규모이지만 VR/AR 기술을 활용한 차별화된 서비스를 제공하며, 스퀘어에닉스 타이틀 참여로 기술력을 입증했다.","직원 18명의 소형 스튜디오로 자본금 300만 엔의 재무 기반이 취약하며, 매출 정보가 공개되지 않는다.",,엑셀레이션 파트너 후보 스튜디오. 수탁 개발 실적 있어 협업 기반 있음. PC/Console 플랫폼 개발 역량,short,설립: 2016년
,아피리츠,アピリッツ,일본,개발/운영,서브,N,,,29.8,104.6,1.0,644.0,와다 준지,Y,"시키히메 조시, 히네모스 시키히메, 카쿠리요 도쿄, 에키마에 미훈",웹시스템 개발·디지털 인재파견·온라인게임 3개 사업 영위 TSE Standard 상장사. 2025년 1월기 문제 프로젝트 영향으로 영업이익 69% 감소.,"멀티 사업 포트폴리오, 시키히메 시리즈 장기 IP 운영 노하우, 디지털 인재파견 확대","게임 수익 성숙, 개발 프로젝트 품질 관리 리스크, 소규모 시장 점유율","최대주주 법인(37.4%), Cryptomeria(5.78%), 와다 준지(4.29%)",게임+웹솔루션+파견 복합구조. 주요 타이틀 서비스 종료 예정. 게임 사업 순수 가치 평가 후 재검토 필요.,add,[2025-2026 업데이트] 2025년 1월기 웹 개발 문제 프로젝트 악화로 영업이익 69% 급감. 2026년 1월기 Q1에도 영업이익 거의 0에 근접.
